"","license_class","trips_per_day","farebox_per_day","unique_drivers","unique_vehicles","vehicles_per_day","avg_days_vehicles_on_road","avg_hours_per_day_per_vehicle","avg_days_drivers_on_road","avg_hours_per_day_per_driver","avg_minutes_per_trip","percent_of_trips_paid_with_credit_card","trips_per_day_shared","month_year","month_year1","trips_per_month","month_date","farebox_per_month","week","trips_per_week","year","farebox_per_week","total_trips_per_day","shared_trips_per_day_percent"
"1","FHV - Black Car",16972,NA,7208,6996,3136,13.5,4.1,13.3,4,28,NA,NA,"2022-06",Jun 2022,509160,2022-06-28,NA,"26",118804,"2022",NA,NA,NA
"2","FHV - Black Car",16299,NA,7226,7072,2969,13,4.1,13,4.1,28,NA,NA,"2022-05",May 2022,505269,2022-05-28,NA,"21",114093,"2022",NA,NA,NA
"3","FHV - Black Car",17243,NA,7209,7093,3173,13.4,4.1,13.4,4.1,28,NA,NA,"2022-04",Apr 2022,517290,2022-04-28,NA,"17",120701,"2022",NA,NA,NA
"4","FHV - Black Car",17453,NA,7008,6909,3191,14.3,4.1,14.3,4.1,27,NA,NA,"2022-03",Mar 2022,541043,2022-03-28,NA,"13",122171,"2022",NA,NA,NA
"5","FHV - Black Car",17521,NA,7336,7265,3208,12.4,4.1,12.4,4.1,26,NA,NA,"2022-02",Feb 2022,490588,2022-02-28,NA,"09",122647,"2022",NA,NA,NA
"6","FHV - Black Car",13440,NA,7171,7136,2625,11.4,3.9,11.5,3.9,24,NA,NA,"2022-01",Jan 2022,416640,2022-01-28,NA,"04",94080,"2022",NA,NA,NA
"7","FHV - Black Car",15518,NA,7495,7420,2924,12.2,4,12.2,4,27,NA,NA,"2021-12",Dec 2021,481058,2021-12-28,NA,"52",108626,"2021",NA,NA,NA
"8","FHV - Black Car",11915,NA,5048,4917,2260,13.8,4,13.7,4,27,NA,NA,"2021-11",Nov 2021,357450,2021-11-28,NA,"47",83405,"2021",NA,NA,NA
"9","FHV - Black Car",11816,NA,5236,5109,2241,13.6,4,13.5,3.9,28,NA,NA,"2021-10",Oct 2021,366296,2021-10-28,NA,"43",82712,"2021",NA,NA,NA
"10","FHV - Black Car",11332,NA,4848,4739,2069,13.1,4.1,12.9,4.1,28,NA,NA,"2021-09",Sep 2021,339960,2021-09-28,NA,"39",79324,"2021",NA,NA,NA
"11","FHV - Black Car",9744,NA,3749,3704,1614,13.5,4.4,13.5,4.4,26,NA,NA,"2021-08",Aug 2021,302064,2021-08-28,NA,"34",68208,"2021",NA,NA,NA
"12","FHV - Black Car",10249,NA,4207,4182,1800,13.3,4.3,13.4,4.2,26,NA,NA,"2021-07",Jul 2021,317719,2021-07-28,NA,"30",71743,"2021",NA,NA,NA
"13","FHV - Black Car",14136,NA,4658,4643,2281,14.7,4.5,14.8,4.5,25,NA,NA,"2021-06",Jun 2021,424080,2021-06-28,NA,"26",98952,"2021",NA,NA,NA
"14","FHV - Black Car",13022,NA,4294,4278,2070,15,4.6,15,4.6,24,NA,NA,"2021-05",May 2021,403682,2021-05-28,NA,"21",91154,"2021",NA,NA,NA
"15","FHV - Black Car",12658,NA,4229,4224,2098,14.9,4.5,15,4.5,24,NA,NA,"2021-04",Apr 2021,379740,2021-04-28,NA,"17",88606,"2021",NA,NA,NA
"16","FHV - Black Car",13000,NA,4003,3995,2049,15.9,4.6,16,4.6,23,NA,NA,"2021-03",Mar 2021,403000,2021-03-28,NA,"12",91000,"2021",NA,NA,NA
"17","FHV - Black Car",10716,NA,3563,3561,1725,13.6,4.6,13.6,4.6,23,NA,NA,"2021-02",Feb 2021,300048,2021-02-28,NA,"08",75012,"2021",NA,NA,NA
"18","FHV - Black Car",10386,NA,3816,3806,1752,14.3,4.4,14.3,4.4,22,NA,NA,"2021-01",Jan 2021,321966,2021-01-28,NA,"04",72702,"2021",NA,NA,NA
"19","FHV - Black Car",11293,NA,4217,4187,1915,14.2,4.5,14.1,4.5,22,NA,NA,"2020-12",Dec 2020,350083,2020-12-28,NA,"52",79051,"2020",NA,NA,NA
"20","FHV - Black Car",11825,NA,4460,4458,2013,13.6,4.5,13.6,4.5,24,NA,NA,"2020-11",Nov 2020,354750,2020-11-28,NA,"47",82775,"2020",NA,NA,NA
"21","FHV - Black Car",10932,NA,4237,4215,1954,14.4,4.4,14.4,4.3,24,NA,NA,"2020-10",Oct 2020,338892,2020-10-28,NA,"43",76524,"2020",NA,NA,NA
"22","FHV - Black Car",12762,NA,4539,4543,2160,14.3,4.5,14.3,4.5,25,NA,NA,"2020-09",Sep 2020,382860,2020-09-28,NA,"39",89334,"2020",NA,NA,NA
"23","FHV - Black Car",9723,NA,3838,3856,1673,13.5,4.4,13.5,4.4,24,NA,NA,"2020-08",Aug 2020,301413,2020-08-28,NA,"34",68061,"2020",NA,NA,NA
"24","FHV - Black Car",8692,NA,3113,3128,1446,14.3,4.6,14.4,4.6,25,NA,NA,"2020-07",Jul 2020,269452,2020-07-28,NA,"30",60844,"2020",NA,NA,NA
"25","FHV - Black Car",9323,NA,3157,3165,1533,14.5,4.6,14.6,4.6,22,NA,NA,"2020-06",Jun 2020,279690,2020-06-28,NA,"25",65261,"2020",NA,NA,NA
"26","FHV - Black Car",6180,NA,2851,2861,1186,12.9,4.1,12.9,4.1,20,NA,NA,"2020-05",May 2020,191580,2020-05-28,NA,"21",43260,"2020",NA,NA,NA
"27","FHV - Black Car",5103,NA,2413,2425,982,12.2,4.1,12.2,4.1,19,NA,NA,"2020-04",Apr 2020,153090,2020-04-28,NA,"17",35721,"2020",NA,NA,NA
"28","FHV - Black Car",13708,NA,8345,8342,2917,10.8,3.8,10.9,3.8,24,NA,NA,"2020-03",Mar 2020,424948,2020-03-28,NA,"12",95956,"2020",NA,NA,NA
"29","FHV - Black Car",20412,NA,8415,8403,4238,14.6,3.9,14.7,3.9,27,NA,NA,"2020-02",Feb 2020,591948,2020-02-28,NA,"08",142884,"2020",NA,NA,NA
"30","FHV - Black Car",22195,NA,8625,8634,4409,15.8,4,15.9,4,25,NA,NA,"2020-01",Jan 2020,688045,2020-01-28,NA,"04",155365,"2020",NA,NA,NA
"31","FHV - Black Car",18498,NA,8019,7994,3873,15,3.8,15.1,3.8,29,NA,NA,"2019-12",Dec 2019,573438,2019-12-28,NA,"51",129486,"2019",NA,NA,NA
"32","FHV - Black Car",16612,NA,7237,7219,3645,15.2,3.7,15.2,3.7,28,NA,NA,"2019-11",Nov 2019,498360,2019-11-28,NA,"47",116284,"2019",NA,NA,NA
"33","FHV - Black Car",16245,NA,7120,7071,3757,16.5,3.6,16.4,3.6,29,NA,NA,"2019-10",Oct 2019,503595,2019-10-28,NA,"43",113715,"2019",NA,NA,NA
"34","FHV - Black Car",12373,NA,5499,5417,2846,15.8,3.5,15.6,3.5,32,NA,NA,"2019-09",Sep 2019,371190,2019-09-28,NA,"38",86611,"2019",NA,NA,NA
"35","FHV - Black Car",12787,NA,5874,5845,2964,15.7,3.4,15.7,3.4,32,NA,NA,"2019-08",Aug 2019,396397,2019-08-28,NA,"34",89509,"2019",NA,NA,NA
"36","FHV - Black Car",13993,NA,5995,5968,2914,15.1,3.7,15.1,3.7,29,NA,NA,"2019-07",Jul 2019,433783,2019-07-28,NA,"29",97951,"2019",NA,NA,NA
"37","FHV - Black Car",14233,NA,5876,5858,2988,15.3,3.7,15.3,3.7,29,NA,NA,"2019-06",Jun 2019,426990,2019-06-28,NA,"25",99631,"2019",NA,NA,NA
"38","FHV - Black Car",16186,NA,6211,6171,3237,16.3,3.9,16.2,3.8,27,NA,NA,"2019-05",May 2019,501766,2019-05-28,NA,"21",113302,"2019",NA,NA,NA
"39","FHV - Black Car",15660,NA,5824,5795,3126,16.2,3.9,16.2,3.8,27,NA,NA,"2019-04",Apr 2019,469800,2019-04-28,NA,"16",109620,"2019",NA,NA,NA
"40","FHV - Black Car",8778,NA,4513,4498,1916,13.2,3.5,13.3,3.5,23,NA,NA,"2019-03",Mar 2019,272118,2019-03-28,NA,"12",61446,"2019",NA,NA,NA
"41","FHV - Black Car",13692,NA,5129,5103,2811,15.4,3.8,15.4,3.8,28,NA,NA,"2019-02",Feb 2019,383376,2019-02-28,NA,"08",95844,"2019",NA,NA,NA
"42","FHV - Black Car",15024,NA,6111,6072,3156,16.1,3.7,16.1,3.7,27,NA,104,"2019-01",Jan 2019,465744,2019-01-28,NA,"04",105168,"2019",NA,15128,0.01
"43","FHV - Black Car",16120,NA,7321,7286,3463,14.7,3.6,14.8,3.6,30,NA,128,"2018-12",Dec 2018,499720,2018-12-28,NA,"52",112840,"2018",NA,16248,0.01
"44","FHV - Black Car",17791,NA,7362,7340,3891,15.9,3.6,15.9,3.6,30,NA,17734,"2018-11",Nov 2018,533730,2018-11-28,NA,"48",124537,"2018",NA,35525,0.5
"45","FHV - Black Car",18364,NA,7582,7476,3933,16.3,3.6,16.3,3.6,34,NA,158,"2018-10",Oct 2018,569284,2018-10-28,NA,"43",128548,"2018",NA,18522,0.01
"46","FHV - Black Car",15159,NA,6183,6140,3232,15.8,3.7,15.7,3.7,32,NA,291,"2018-09",Sep 2018,454770,2018-09-28,NA,"39",106113,"2018",NA,15450,0.02
"47","FHV - Black Car",14455,NA,6634,6609,3448,16.2,3.4,16.2,3.4,32,NA,16,"2018-08",Aug 2018,448105,2018-08-28,NA,"35",101185,"2018",NA,14471,0
"48","FHV - Black Car",13614,NA,6242,6188,3086,15.5,3.4,15.4,3.4,32,NA,13,"2018-07",Jul 2018,422034,2018-07-28,NA,"30",95298,"2018",NA,13627,0
"49","FHV - Black Car",17207,NA,7155,7119,3809,16.1,3.5,16,3.5,34,NA,NA,"2018-06",Jun 2018,516210,2018-06-28,NA,"26",120449,"2018",NA,NA,NA
"50","FHV - Black Car",16826,NA,7268,7224,3906,16.8,3.5,16.7,3.5,35,NA,NA,"2018-05",May 2018,521606,2018-05-28,NA,"22",117782,"2018",NA,NA,NA
"51","FHV - Black Car",16088,NA,7221,7176,3832,16,3.5,16,3.4,34,NA,NA,"2018-04",Apr 2018,482640,2018-04-28,NA,"17",112616,"2018",NA,NA,NA
"52","FHV - Black Car",16422,NA,7535,7471,3988,16.5,3.4,16.5,3.4,35,NA,NA,"2018-03",Mar 2018,509082,2018-03-28,NA,"13",114954,"2018",NA,NA,NA
"53","FHV - Black Car",17415,NA,7550,7529,4063,15.1,3.5,15.1,3.5,33,NA,NA,"2018-02",Feb 2018,487620,2018-02-28,NA,"09",121905,"2018",NA,NA,NA
"54","FHV - Black Car",15445,NA,7464,7410,3778,15.8,3.4,15.7,3.4,35,NA,NA,"2018-01",Jan 2018,478795,2018-01-28,NA,"04",108115,"2018",NA,NA,NA
"55","FHV - Black Car",15541,NA,7789,7703,3720,15,3.4,14.9,3.4,35,NA,NA,"2017-12",Dec 2017,481771,2017-12-28,NA,"52",108787,"2017",NA,NA,NA
"56","FHV - Black Car",15718,NA,7376,7331,3859,15.8,3.4,15.8,3.4,37,NA,NA,"2017-11",Nov 2017,471540,2017-11-28,NA,"48",110026,"2017",NA,NA,NA
"57","FHV - Black Car",16405,NA,8008,7882,4221,16.6,3.3,16.5,3.3,38,NA,NA,"2017-10",Oct 2017,508555,2017-10-28,NA,"43",114835,"2017",NA,NA,NA
"58","FHV - Black Car",15975,NA,7777,7693,3906,15.2,3.4,15.2,3.4,36,NA,NA,"2017-09",Sep 2017,479250,2017-09-28,NA,"39",111825,"2017",NA,NA,NA
"59","FHV - Black Car",13985,NA,7463,7406,3686,15.4,3.2,15.4,3.2,35,NA,NA,"2017-08",Aug 2017,433535,2017-08-28,NA,"35",97895,"2017",NA,NA,NA
"60","FHV - Black Car",13084,NA,7559,7486,3515,14.6,3.2,14.5,3.1,36,NA,NA,"2017-07",Jul 2017,405604,2017-07-28,NA,"30",91588,"2017",NA,NA,NA
"61","FHV - Black Car",14274,NA,7450,7394,3840,15.6,3.2,15.5,3.2,39,NA,NA,"2017-06",Jun 2017,428220,2017-06-28,NA,"26",99918,"2017",NA,NA,NA
"62","FHV - Black Car",15505,NA,7974,7435,4054,16.9,3.3,15.9,3.2,NA,NA,NA,"2017-05",May 2017,480655,2017-05-28,NA,"21",108535,"2017",NA,NA,NA
"63","FHV - Black Car",13676,NA,7201,6725,3536,15.8,3.3,14.8,3.2,NA,NA,NA,"2017-04",Apr 2017,410280,2017-04-28,NA,"17",95732,"2017",NA,NA,NA
"64","FHV - Black Car",14500,NA,7334,6815,3742,17,3.3,16,3.2,NA,NA,NA,"2017-03",Mar 2017,449500,2017-03-28,NA,"13",101500,"2017",NA,NA,NA
"65","FHV - Black Car",13280,NA,6931,6769,3599,14.9,3.2,14.7,3.1,NA,NA,NA,"2017-02",Feb 2017,371840,2017-02-28,NA,"09",92960,"2017",NA,NA,NA
"66","FHV - Black Car",12660,NA,6481,6431,3297,15.9,3.3,15.8,3.3,NA,NA,NA,"2017-01",Jan 2017,392460,2017-01-28,NA,"04",88620,"2017",NA,NA,NA
"67","FHV - Black Car",12185,NA,6304,6140,3102,15.7,3.3,15.2,3.3,NA,NA,NA,"2016-12",Dec 2016,377735,2016-12-28,NA,"52",85295,"2016",NA,NA,NA
"68","FHV - Black Car",12670,NA,6407,6114,3345,16.4,3.3,15.7,3.3,NA,NA,NA,"2016-11",Nov 2016,380100,2016-11-28,NA,"48",88690,"2016",NA,NA,NA
"69","FHV - Black Car",12933,NA,6616,6381,3375,16.4,3.3,15.8,3.3,NA,NA,NA,"2016-10",Oct 2016,400923,2016-10-28,NA,"43",90531,"2016",NA,NA,NA
"70","FHV - Black Car",14150,NA,6611,6261,3456,16.6,3.5,15.8,3.5,NA,NA,NA,"2016-09",Sep 2016,424500,2016-09-28,NA,"39",99050,"2016",NA,NA,NA
"71","FHV - Black Car",12344,NA,6410,6289,3383,16.7,3.1,16.5,3.1,NA,NA,NA,"2016-08",Aug 2016,382664,2016-08-28,NA,"34",86408,"2016",NA,NA,NA
"72","FHV - Black Car",12589,NA,6525,6423,3336,16.1,3.2,15.9,3.2,NA,NA,NA,"2016-07",Jul 2016,390259,2016-07-28,NA,"30",88123,"2016",NA,NA,NA
"73","FHV - Black Car",15375,NA,6889,6794,3957,17.5,3.3,17.3,3.3,NA,NA,NA,"2016-06",Jun 2016,461250,2016-06-28,NA,"26",107625,"2016",NA,NA,NA
"74","FHV - Black Car",14705,NA,7059,7029,3818,16.8,3.3,16.7,3.3,NA,NA,NA,"2016-05",May 2016,455855,2016-05-28,NA,"21",102935,"2016",NA,NA,NA
"75","FHV - Black Car",14535,NA,7361,7036,3939,16.8,3.2,16.2,3.2,NA,NA,NA,"2016-04",Apr 2016,436050,2016-04-28,NA,"17",101745,"2016",NA,NA,NA
"76","FHV - Black Car",14138,NA,6836,6543,3846,18.2,3.2,17.5,3.2,NA,NA,NA,"2016-03",Mar 2016,438278,2016-03-28,NA,"13",98966,"2016",NA,NA,NA
"77","FHV - Black Car",19854,NA,9263,9138,4768,15.1,3.4,15,3.4,NA,NA,NA,"2016-02",Feb 2016,575766,2016-02-28,NA,"08",138978,"2016",NA,NA,NA
"78","FHV - Black Car",14352,NA,8911,8788,4087,14.4,3.1,14.3,3,NA,NA,NA,"2016-01",Jan 2016,444912,2016-01-28,NA,"04",100464,"2016",NA,NA,NA
"79","FHV - Black Car",15377,NA,8494,8429,3928,14.5,3.3,14.3,3.3,NA,NA,NA,"2015-12",Dec 2015,476687,2015-12-28,NA,"52",107639,"2015",NA,NA,NA
"80","FHV - Black Car",15069,NA,7790,7942,4024,15.2,3.2,15.1,3.3,NA,NA,NA,"2015-11",Nov 2015,452070,2015-11-28,NA,"47",105483,"2015",NA,NA,NA
"81","FHV - Black Car",16756,NA,7837,7652,3974,16.1,3.5,15.7,3.5,NA,NA,NA,"2015-10",Oct 2015,519436,2015-10-28,NA,"43",117292,"2015",NA,NA,NA
"82","FHV - Black Car",10293,NA,5937,5875,2769,14.1,3.2,14,3.2,NA,NA,NA,"2015-09",Sep 2015,308790,2015-09-28,NA,"39",72051,"2015",NA,NA,NA
"83","FHV - Black Car",7988,NA,5154,5073,2384,14.6,2.9,14.4,2.9,NA,NA,NA,"2015-08",Aug 2015,247628,2015-08-28,NA,"34",55916,"2015",NA,NA,NA
"84","FHV - Black Car",7574,NA,4296,4248,2117,15.5,3.1,15.4,3.1,NA,NA,NA,"2015-07",Jul 2015,234794,2015-07-28,NA,"30",53018,"2015",NA,NA,NA
"85","FHV - Black Car",9276,NA,5009,4956,2543,15.4,3.2,15.3,3.2,NA,NA,NA,"2015-06",Jun 2015,278280,2015-06-28,NA,"25",64932,"2015",NA,NA,NA
"86","FHV - Black Car",7681,NA,4561,4550,2055,14,3.2,14,3.2,NA,NA,NA,"2015-05",May 2015,238111,2015-05-28,NA,"21",53767,"2015",NA,NA,NA
"87","FHV - Black Car",10060,NA,5237,5225,2653,15.2,3.3,15.2,3.2,NA,NA,NA,"2015-04",Apr 2015,301800,2015-04-28,NA,"17",70420,"2015",NA,NA,NA
"88","FHV - Black Car",5338,NA,2921,2882,1296,13.9,3.3,13.6,3.3,NA,NA,NA,"2015-03",Mar 2015,165478,2015-03-28,NA,"12",37366,"2015",NA,NA,NA
"89","FHV - Black Car",6213,NA,2640,2620,1618,17.3,3.5,17.2,3.5,NA,NA,NA,"2015-02",Feb 2015,173964,2015-02-28,NA,"08",43491,"2015",NA,NA,NA
"90","FHV - Black Car",5359,NA,2737,2725,1469,16.7,3.3,16.7,3.3,NA,NA,NA,"2015-01",Jan 2015,166129,2015-01-28,NA,"04",37513,"2015",NA,NA,NA
"91","FHV - High Volume",563347,NA,73321,71036,46798,20.4,6.5,20.1,6.4,19,NA,853,"2022-07",Jul 2022,17463757,2022-07-28,NA,"30",3943429,"2022",NA,564200,0
"92","FHV - High Volume",592656,NA,74020,71552,49341,20.7,6.6,20.3,6.5,20,NA,133,"2022-06",Jun 2022,17779680,2022-06-28,NA,"26",4148592,"2022",NA,592789,0
"93","FHV - High Volume",585714,NA,73287,71059,47877,20.9,6.6,20.6,6.5,20,NA,0,"2022-05",May 2022,18157134,2022-05-28,NA,"21",4099998,"2022",NA,585714,0
"94","FHV - High Volume",591746,NA,72244,70281,48410,20.7,6.5,20.4,6.4,19,NA,0,"2022-04",Apr 2022,17752380,2022-04-28,NA,"17",4142222,"2022",NA,591746,0
"95","FHV - High Volume",595270,NA,71667,69702,48364,21.5,6.7,21.2,6.6,18,NA,0,"2022-03",Mar 2022,18453370,2022-03-28,NA,"13",4166890,"2022",NA,595270,0
"96","FHV - High Volume",572114,NA,68998,67536,46279,19.2,6.6,19,6.5,18,NA,0,"2022-02",Feb 2022,16019192,2022-02-28,NA,"09",4004798,"2022",NA,572114,0
"97","FHV - High Volume",475854,NA,68531,66855,41326,19.2,6.3,18.9,6.2,17,NA,0,"2022-01",Jan 2022,14751474,2022-01-28,NA,"04",3330978,"2022",NA,475854,0
"98","FHV - High Volume",517884,NA,70302,68257,44289,20.1,6.4,19.8,6.3,18,NA,0,"2021-12",Dec 2021,16054404,2021-12-28,NA,"52",3625188,"2021",NA,517884,0
"99","FHV - High Volume",534718,NA,69410,67433,44979,20,6.5,19.7,6.4,19,NA,0,"2021-11",Nov 2021,16041540,2021-11-28,NA,"47",3743026,"2021",NA,534718,0
"100","FHV - High Volume",533613,NA,68926,66933,44406,20.6,6.6,20.3,6.5,19,NA,277,"2021-10",Oct 2021,16542003,2021-10-28,NA,"43",3735291,"2021",NA,533890,0
"101","FHV - High Volume",423584,NA,64747,63416,34903,16.5,6.5,16.4,6.5,19,NA,716,"2021-09",Sep 2021,12707520,2021-09-28,NA,"39",2965088,"2021",NA,424300,0
"102","FHV - High Volume",467608,NA,59813,58750,35253,18.6,6.7,18.5,6.7,18,NA,723,"2021-08",Aug 2021,14495848,2021-08-28,NA,"34",3273256,"2021",NA,468331,0
"103","FHV - High Volume",484692,NA,59730,58604,36032,19.1,6.8,18.9,6.7,18,NA,635,"2021-07",Jul 2021,15025452,2021-07-28,NA,"30",3392844,"2021",NA,485327,0
"104","FHV - High Volume",498641,NA,58797,57856,36922,19.1,6.9,19,6.9,19,NA,124,"2021-06",Jun 2021,14959230,2021-06-28,NA,"26",3490487,"2021",NA,498765,0
"105","FHV - High Volume",474753,NA,56869,56102,34401,19,6.9,18.9,6.9,18,NA,NA,"2021-05",May 2021,14717343,2021-05-28,NA,"21",3323271,"2021",NA,NA,NA
"106","FHV - High Volume",470299,NA,54481,53741,33356,18.6,7,18.5,6.9,17,NA,NA,"2021-04",Apr 2021,14108970,2021-04-28,NA,"17",3292093,"2021",NA,NA,NA
"107","FHV - High Volume",458777,NA,52117,51751,31630,18.9,7.1,19,7,17,NA,NA,"2021-03",Mar 2021,14222087,2021-03-28,NA,"12",3211439,"2021",NA,NA,NA
"108","FHV - High Volume",414755,NA,47206,47267,28637,17,7.1,17.1,7.1,16,NA,NA,"2021-02",Feb 2021,11613140,2021-02-28,NA,"08",2903285,"2021",NA,NA,NA
"109","FHV - High Volume",383932,NA,47622,47592,28582,18.6,6.9,18.7,6.8,15,NA,NA,"2021-01",Jan 2021,11901892,2021-01-28,NA,"04",2687524,"2021",NA,NA,NA
"110","FHV - High Volume",374990,NA,51525,51534,32488,19.5,6.5,19.7,6.5,16,NA,NA,"2020-12",Dec 2020,11624690,2020-12-28,NA,"52",2624930,"2020",NA,NA,NA
"111","FHV - High Volume",386122,NA,52996,52928,34062,19.3,6.4,19.5,6.4,16,NA,NA,"2020-11",Nov 2020,11583660,2020-11-28,NA,"47",2702854,"2020",NA,NA,NA
"112","FHV - High Volume",427396,NA,52379,52290,33969,20.1,6.8,20.3,6.7,17,NA,NA,"2020-10",Oct 2020,13249276,2020-10-28,NA,"43",2991772,"2020",NA,NA,NA
"113","FHV - High Volume",403515,NA,50614,50419,31556,18.8,6.9,21.2,6.9,17.5,NA,NA,"2020-09",Sep 2020,12105450,2020-09-28,NA,"39",2824605,"2020",NA,NA,NA
"114","FHV - High Volume",357610,NA,48984,48680,28731,18.3,6.7,18.4,6.6,17,NA,NA,"2020-08",Aug 2020,11085910,2020-08-28,NA,"34",2503270,"2020",NA,NA,NA
"115","FHV - High Volume",320999,NA,38310,38380,21221,17.1,7.2,17.3,7.2,16,NA,NA,"2020-07",Jul 2020,9950969,2020-07-28,NA,"30",2246993,"2020",NA,NA,NA
"116","FHV - High Volume",251696,NA,29832,30131,17665,17.6,7.1,17.9,7,16,NA,NA,"2020-06",Jun 2020,7550880,2020-06-28,NA,"25",1761872,"2020",NA,NA,NA
"117","FHV - High Volume",196447,NA,27675,27881,16073,17.9,6.4,18.1,6.4,15,NA,NA,"2020-05",May 2020,6089857,2020-05-28,NA,"21",1375129,"2020",NA,NA,NA
"118","FHV - High Volume",143762,NA,22390,22527,11544,15.4,6.1,15.6,6.1,13,NA,NA,"2020-04",Apr 2020,4312860,2020-04-28,NA,"17",1006334,"2020",NA,NA,NA
"119","FHV - High Volume",432027,NA,76604,75506,35735,14.7,6.1,14.6,6,16,NA,41051,"2020-03",Mar 2020,13392837,2020-03-28,NA,"12",3024189,"2020",NA,473078,0.09
"120","FHV - High Volume",749129,NA,79282,78090,55139,20.5,6.6,20.5,6.5,17,NA,97117,"2020-02",Feb 2020,21724741,2020-02-28,NA,"08",5243903,"2020",NA,846246,0.11
"121","FHV - High Volume",663433,NA,80725,79288,53606,21,6.2,20.9,6.1,17,NA,90550,"2020-01",Jan 2020,20566423,2020-01-28,NA,"04",4644031,"2020",NA,753983,0.12
"122","FHV - High Volume",717497,NA,82527,80924,55796,21.4,6.5,21,6.4,18,NA,93421,"2019-12",Dec 2019,22242407,2019-12-28,NA,"51",5022479,"2019",NA,810918,0.12
"123","FHV - High Volume",721170,NA,83017,81286,57241,21.1,6.5,21,6.4,19,NA,103379,"2019-11",Nov 2019,21635100,2019-11-28,NA,"47",5048190,"2019",NA,824549,0.13
"124","FHV - High Volume",682635,NA,83865,82051,57764,21.8,6.4,21.7,6.3,19,0,107676,"2019-10",Oct 2019,21161685,2019-10-28,NA,"43",4778445,"2019",NA,790311,0.14
"125","FHV - High Volume",668520,NA,84306,82206,56795,20.7,6.4,20.5,6.2,19,NA,107780,"2019-09",Sep 2019,20055600,2019-09-28,NA,"38",4679640,"2019",NA,776300,0.14
"126","FHV - High Volume",648961,NA,83709,82693,55289,20.8,6.3,20.8,6.2,18,NA,104983,"2019-08",Aug 2019,20117791,2019-08-28,NA,"34",4542727,"2019",NA,753944,0.14
"127","FHV - High Volume",654230,NA,85896,84609,57048,21,6.2,20.9,6.1,18,NA,104074,"2019-07",Jul 2019,20281130,2019-07-28,NA,"29",4579610,"2019",NA,758304,0.14
"128","FHV - High Volume",700036,NA,87131,85712,58847,20.7,6.3,20.6,5.8,19,NA,101645,"2019-06",Jun 2019,21001080,2019-06-28,NA,"25",4900252,"2019",NA,801681,0.13
"129","FHV - High Volume",720263,NA,87719,86391,59902,21.6,6.2,21.5,6.2,19,NA,124106,"2019-05",May 2019,22328153,2019-05-28,NA,"21",5041841,"2019",NA,844369,0.15
"130","FHV - High Volume",724388,NA,87779,86463,59121,20.6,6.3,20.5,6.2,19,NA,141734,"2019-04",Apr 2019,21731640,2019-04-28,NA,"16",5070716,"2019",NA,866122,0.16
"131","FHV - High Volume",769729,NA,87695,86540,59893,21.6,6.4,21.5,6.4,19,NA,157704,"2019-03",Mar 2019,23861599,2019-03-28,NA,"12",5388103,"2019",NA,927433,0.17
"132","FHV - High Volume",719853,NA,86296,85403,58980,19.5,6.3,19.4,6.2,18,NA,171912,"2019-02",Feb 2019,20155884,2019-02-28,NA,"08",5038971,"2019",NA,891765,0.19
"133","FHV - High Volume",683692,NA,86715,84698,56530,20.7,6.2,20.5,6.1,18,NA,157678,"2019-01",Jan 2019,21194452,2019-01-28,NA,"04",4785844,"2019",NA,841370,0.19
"134","FHV - High Volume",701180,NA,86788,85146,56844,20.7,6.3,20.6,6.2,20,NA,164666,"2018-12",Dec 2018,21736580,2018-12-28,NA,"52",4908260,"2018",NA,865846,0.19
"135","FHV - High Volume",691379,NA,85496,83271,56908,20.5,6.3,20.3,6.2,20,NA,160672,"2018-11",Nov 2018,20741370,2018-11-28,NA,"48",4839653,"2018",NA,852051,0.19
"136","FHV - High Volume",680433,NA,84660,82247,56538,21.3,6.3,21,6.2,21,NA,176348,"2018-10",Oct 2018,21093423,2018-10-28,NA,"43",4763031,"2018",NA,856781,0.21
"137","FHV - High Volume",658952,NA,82782,80536,53842,20.1,6.4,19.8,6.3,20,NA,148283,"2018-09",Sep 2018,19768560,2018-09-28,NA,"39",4612664,"2018",NA,807235,0.18
"138","FHV - High Volume",642341,NA,80363,78545,51804,20.4,6.4,20.3,6.3,20,NA,168299,"2018-08",Aug 2018,19912571,2018-08-28,NA,"35",4496387,"2018",NA,810640,0.21
"139","FHV - High Volume",630977,NA,79945,78100,51565,20.5,6.3,20.3,6.2,20,NA,163171,"2018-07",Jul 2018,19560287,2018-07-28,NA,"30",4416839,"2018",NA,794148,0.21
"140","FHV - High Volume",626423,NA,78862,77460,51728,20,6.3,19.9,6.2,20,NA,143298,"2018-06",Jun 2018,18792690,2018-06-28,NA,"26",4384961,"2018",NA,769721,0.19
"141","FHV - High Volume",620950,NA,77775,76382,51355,20.8,6.3,20.7,6.2,20,NA,148036,"2018-05",May 2018,19249450,2018-05-28,NA,"22",4346650,"2018",NA,768986,0.19
"142","FHV - High Volume",616450,NA,75879,74273,49959,20.2,6.3,20,6.2,20,NA,160806,"2018-04",Apr 2018,18493500,2018-04-28,NA,"17",4315150,"2018",NA,777256,0.21
"143","FHV - High Volume",624601,NA,74288,72691,49102,20.9,6.4,20.7,6.3,19,NA,157162,"2018-03",Mar 2018,19362631,2018-03-28,NA,"13",4372207,"2018",NA,781763,0.2
"144","FHV - High Volume",603801,NA,72893,71731,48772,19,6.3,18.9,6.3,19,NA,140622,"2018-02",Feb 2018,16906428,2018-02-28,NA,"09",4226607,"2018",NA,744423,0.19
"145","FHV - High Volume",555031,NA,72719,71484,46403,20.1,6.2,19.9,6.1,18,NA,126738,"2018-01",Jan 2018,17205961,2018-01-28,NA,"04",3885217,"2018",NA,681769,0.19
"146","FHV - High Volume",553632,NA,71671,70194,46799,20.7,6.3,20.5,6.2,20,NA,118649,"2017-12",Dec 2017,17162592,2017-12-28,NA,"52",3875424,"2017",NA,672281,0.18
"147","FHV - High Volume",517191,NA,69948,68521,46232,20.2,6.2,20,6.1,20,NA,107750,"2017-11",Nov 2017,15515730,2017-11-28,NA,"48",3620337,"2017",NA,624941,0.17
"148","FHV - High Volume",492028,NA,69303,67653,45234,20.7,6.1,20.4,6.1,20,NA,92641,"2017-10",Oct 2017,15252868,2017-10-28,NA,"43",3444196,"2017",NA,584669,0.16
"149","FHV - High Volume",468318,NA,67408,65690,43120,19.7,6.2,19.4,6.1,20,NA,84200,"2017-09",Sep 2017,14049540,2017-09-28,NA,"39",3278226,"2017",NA,552518,0.15
"150","FHV - High Volume",429691,NA,65522,64054,41372,20,6,19.8,6,20,NA,76026,"2017-08",Aug 2017,13320421,2017-08-28,NA,"35",3007837,"2017",NA,505717,0.15
"151","FHV - High Volume",421285,NA,65178,63604,40679,19.8,6,19.6,5.9,20,NA,68756,"2017-07",Jul 2017,13059835,2017-07-28,NA,"30",2948995,"2017",NA,490041,0.14
"152","FHV - High Volume",420017,NA,63721,62331,40408,19.5,5.9,19.2,5.8,21,NA,63620,"2017-06",Jun 2017,12600510,2017-06-28,NA,"26",2940119,"2017",NA,483637,0.13
"153","FHV - High Volume",399546,NA,61532,59795,38015,19.7,5.9,19.4,5.9,NA,NA,NA,"2017-05",May 2017,12385926,2017-05-28,NA,"21",2796822,"2017",NA,NA,NA
"154","FHV - High Volume",393918,NA,58963,57181,36750,19.3,6,18.9,6,NA,NA,NA,"2017-04",Apr 2017,11817540,2017-04-28,NA,"17",2757426,"2017",NA,NA,NA
"155","FHV - High Volume",402938,NA,56768,54836,35619,20.1,6.2,19.7,6.1,NA,NA,NA,"2017-03",Mar 2017,12491078,2017-03-28,NA,"13",2820566,"2017",NA,NA,NA
"156","FHV - High Volume",375693,NA,55552,53577,34850,18.2,6.1,17.8,6,NA,NA,NA,"2017-02",Feb 2017,10519404,2017-02-28,NA,"09",2629851,"2017",NA,NA,NA
"157","FHV - High Volume",344972,NA,54665,52538,32782,19.3,6,18.9,5.9,NA,NA,NA,"2017-01",Jan 2017,10694132,2017-01-28,NA,"04",2414804,"2017",NA,NA,NA
"158","FHV - High Volume",347858,NA,53130,50955,32336,19.7,6.1,19.1,6,NA,NA,NA,"2016-12",Dec 2016,10783598,2016-12-28,NA,"52",2435006,"2016",NA,NA,NA
"159","FHV - High Volume",318664,NA,50932,49110,30921,18.9,5.9,18.4,5.8,NA,NA,NA,"2016-11",Nov 2016,9559920,2016-11-28,NA,"48",2230648,"2016",NA,NA,NA
"160","FHV - High Volume",310749,NA,49545,47758,30097,19.5,6,19,5.9,NA,NA,NA,"2016-10",Oct 2016,9633219,2016-10-28,NA,"43",2175243,"2016",NA,NA,NA
"161","FHV - High Volume",292548,NA,48448,46308,28684,18.6,6,18,5.8,NA,NA,NA,"2016-09",Sep 2016,8776440,2016-09-28,NA,"39",2047836,"2016",NA,NA,NA
"162","FHV - High Volume",263457,NA,45496,43375,25589,18.3,5.9,17.7,5.8,NA,NA,NA,"2016-08",Aug 2016,8167167,2016-08-28,NA,"34",1844199,"2016",NA,NA,NA
"163","FHV - High Volume",252701,NA,40398,38843,23844,19,6,18.5,5.9,NA,NA,NA,"2016-07",Jul 2016,7833731,2016-07-28,NA,"30",1768907,"2016",NA,NA,NA
"164","FHV - High Volume",242233,NA,38771,37615,23824,19,6,18.7,5.9,NA,NA,NA,"2016-06",Jun 2016,7266990,2016-06-28,NA,"26",1695631,"2016",NA,NA,NA
"165","FHV - High Volume",226667,NA,36443,35611,21717,19,6.1,18.7,6,NA,NA,NA,"2016-05",May 2016,7026677,2016-05-28,NA,"21",1586669,"2016",NA,NA,NA
"166","FHV - High Volume",217147,NA,34250,33518,20967,18.9,6.1,18.5,6,NA,NA,NA,"2016-04",Apr 2016,6514410,2016-04-28,NA,"17",1520029,"2016",NA,NA,NA
"167","FHV - High Volume",195837,NA,31716,32016,19685,19.2,5.8,19,5.7,NA,NA,NA,"2016-03",Mar 2016,6070947,2016-03-28,NA,"13",1370859,"2016",NA,NA,NA
"168","FHV - High Volume",201940,NA,32348,31921,19596,17.9,5.9,17.7,5.9,NA,NA,NA,"2016-02",Feb 2016,5856260,2016-02-28,NA,"08",1413580,"2016",NA,NA,NA
"169","FHV - High Volume",166805,NA,32497,32056,19007,18.5,5.5,18.2,5.5,NA,NA,NA,"2016-01",Jan 2016,5170955,2016-01-28,NA,"04",1167635,"2016",NA,NA,NA
"170","FHV - High Volume",168786,NA,31249,30010,18733,19.4,5.6,19,5.6,NA,NA,NA,"2015-12",Dec 2015,5232366,2015-12-28,NA,"52",1181502,"2015",NA,NA,NA
"171","FHV - High Volume",163178,NA,30119,28845,18141,18.9,5.7,18.4,5.6,NA,NA,NA,"2015-11",Nov 2015,4895340,2015-11-28,NA,"47",1142246,"2015",NA,NA,NA
"172","FHV - High Volume",163168,NA,29151,28002,17701,19.6,5.8,19.1,5.7,NA,NA,NA,"2015-10",Oct 2015,5058208,2015-10-28,NA,"43",1142176,"2015",NA,NA,NA
"173","FHV - High Volume",144300,NA,26914,26050,15814,18.2,5.8,17.8,5.7,NA,NA,NA,"2015-09",Sep 2015,4329000,2015-09-28,NA,"39",1010100,"2015",NA,NA,NA
"174","FHV - High Volume",123807,NA,25085,24452,14485,18.4,5.6,18,5.5,NA,NA,NA,"2015-08",Aug 2015,3838017,2015-08-28,NA,"34",866649,"2015",NA,NA,NA
"175","FHV - High Volume",112207,NA,22070,22646,13358,18.3,5.5,17.5,5.4,NA,NA,NA,"2015-07",Jul 2015,3478417,2015-07-28,NA,"30",785449,"2015",NA,NA,NA
"176","FHV - High Volume",102793,NA,20452,19840,12089,18.3,5.6,17.9,5.5,NA,NA,NA,"2015-06",Jun 2015,3083790,2015-06-28,NA,"25",719551,"2015",NA,NA,NA
"177","FHV - High Volume",94103,NA,19076,14122,8120,17.8,5.4,18,5.6,NA,NA,NA,"2015-05",May 2015,2917193,2015-05-28,NA,"21",658721,"2015",NA,NA,NA
"178","FHV - High Volume",82498,NA,16473,16006,9711,18.2,5.6,17.8,5.5,NA,NA,NA,"2015-04",Apr 2015,2474940,2015-04-28,NA,"17",577486,"2015",NA,NA,NA
"179","FHV - High Volume",72889,NA,14995,14290,8579,18.6,5.5,18.2,5.5,NA,NA,NA,"2015-03",Mar 2015,2259559,2015-03-28,NA,"12",510223,"2015",NA,NA,NA
"180","FHV - High Volume",77796,NA,14180,13531,8402,17.4,5.8,17.1,5.8,NA,NA,NA,"2015-02",Feb 2015,2178288,2015-02-28,NA,"08",544572,"2015",NA,NA,NA
"181","FHV - High Volume",60357,NA,13153,12544,7265,18,5.4,17.6,5.3,NA,NA,NA,"2015-01",Jan 2015,1871067,2015-01-28,NA,"04",422499,"2015",NA,NA,NA
"182","FHV - Livery",21637,NA,4608,4467,3013,20.2,5.2,20,5.1,20,NA,NA,"2022-06",Jun 2022,649110,2022-06-28,NA,"26",151459,"2022",NA,NA,NA
"183","FHV - Livery",22572,NA,4800,4619,3092,20.8,5.1,20.4,5,20,NA,NA,"2022-05",May 2022,699732,2022-05-28,NA,"21",158004,"2022",NA,NA,NA
"184","FHV - Livery",22819,NA,4919,4743,3208,20.3,5.2,20,5.1,19,NA,NA,"2022-04",Apr 2022,684570,2022-04-28,NA,"17",159733,"2022",NA,NA,NA
"185","FHV - Livery",26269,NA,5355,5186,3495,20.9,5.3,20.7,5.2,18,NA,NA,"2022-03",Mar 2022,814339,2022-03-28,NA,"13",183883,"2022",NA,NA,NA
"186","FHV - Livery",26237,NA,5453,5299,3548,18.8,5.2,18.6,5.1,18,NA,NA,"2022-02",Feb 2022,734636,2022-02-28,NA,"09",183659,"2022",NA,NA,NA
"187","FHV - Livery",22633,NA,5581,5470,3192,18.1,5,18,4.9,16,NA,NA,"2022-01",Jan 2022,701623,2022-01-28,NA,"04",158431,"2022",NA,NA,NA
"188","FHV - Livery",26708,NA,5359,5211,3404,20.3,5.1,20,5.1,19,NA,NA,"2021-12",Dec 2021,827948,2021-12-28,NA,"52",186956,"2021",NA,NA,NA
"189","FHV - Livery",24410,NA,5121,4962,3214,19.4,5.1,19.2,5,18,NA,NA,"2021-11",Nov 2021,732300,2021-11-28,NA,"47",170870,"2021",NA,NA,NA
"190","FHV - Livery",26531,NA,5637,5438,3467,19.8,5,19.5,5,20,NA,NA,"2021-10",Oct 2021,822461,2021-10-28,NA,"43",185717,"2021",NA,NA,NA
"191","FHV - Livery",24869,NA,5494,5343,3301,18.5,5,18.4,4.9,20,NA,NA,"2021-09",Sep 2021,746070,2021-09-28,NA,"39",174083,"2021",NA,NA,NA
"192","FHV - Livery",24503,NA,4756,4654,2941,19.6,5.2,19.5,5.1,19,NA,NA,"2021-08",Aug 2021,759593,2021-08-28,NA,"34",171521,"2021",NA,NA,NA
"193","FHV - Livery",24991,NA,4895,4804,3051,19.7,5.2,19.6,5.2,19,NA,NA,"2021-07",Jul 2021,774721,2021-07-28,NA,"30",174937,"2021",NA,NA,NA
"194","FHV - Livery",29280,NA,5970,5852,3695,18.9,5,18.8,5,19,NA,NA,"2021-06",Jun 2021,878400,2021-06-28,NA,"26",204960,"2021",NA,NA,NA
"195","FHV - Livery",27753,NA,5296,5202,3328,19.8,5.2,19.8,5.2,18,NA,NA,"2021-05",May 2021,860343,2021-05-28,NA,"21",194271,"2021",NA,NA,NA
"196","FHV - Livery",26758,NA,5122,5010,3222,19.3,5.3,19.2,5.2,18,NA,NA,"2021-04",Apr 2021,802740,2021-04-28,NA,"17",187306,"2021",NA,NA,NA
"197","FHV - Livery",28654,NA,5295,5195,3381,20.2,5.4,20.1,5.3,17,NA,NA,"2021-03",Mar 2021,888274,2021-03-28,NA,"12",200578,"2021",NA,NA,NA
"198","FHV - Livery",24316,NA,4872,4786,2930,17.1,5.3,17.1,5.2,17,NA,NA,"2021-02",Feb 2021,680848,2021-02-28,NA,"08",170212,"2021",NA,NA,NA
"199","FHV - Livery",23890,NA,5132,5030,3086,19,5.1,18.9,5,15,NA,NA,"2021-01",Jan 2021,740590,2021-01-28,NA,"04",167230,"2021",NA,NA,NA
"200","FHV - Livery",24385,NA,5474,5372,3281,18.9,5,18.8,5,16,NA,NA,"2020-12",Dec 2020,755935,2020-12-28,NA,"52",170695,"2020",NA,NA,NA
"201","FHV - Livery",24674,NA,5319,5230,3327,19.1,5,19.1,4.9,16,NA,NA,"2020-11",Nov 2020,740220,2020-11-28,NA,"47",172718,"2020",NA,NA,NA
"202","FHV - Livery",24640,NA,5398,5272,3306,19.4,5.1,19.3,5,17,NA,NA,"2020-10",Oct 2020,763840,2020-10-28,NA,"43",172480,"2020",NA,NA,NA
"203","FHV - Livery",24339,NA,5102,4974,3204,19.3,5.1,19.1,5,17,NA,NA,"2020-09",Sep 2020,730170,2020-09-28,NA,"39",170373,"2020",NA,NA,NA
"204","FHV - Livery",25507,NA,5405,5291,3263,19.1,5.2,19,5.1,17,NA,NA,"2020-08",Aug 2020,790717,2020-08-28,NA,"34",178549,"2020",NA,NA,NA
"205","FHV - Livery",23110,NA,4473,4318,2760,19.8,5.5,19.4,5.4,17,NA,NA,"2020-07",Jul 2020,716410,2020-07-28,NA,"30",161770,"2020",NA,NA,NA
"206","FHV - Livery",22723,NA,4250,4192,2770,19.8,5.3,19.8,5.3,16,NA,NA,"2020-06",Jun 2020,681690,2020-06-28,NA,"25",159061,"2020",NA,NA,NA
"207","FHV - Livery",17042,NA,3874,3838,2329,18.8,4.9,18.9,4.9,14,NA,NA,"2020-05",May 2020,528302,2020-05-28,NA,"21",119294,"2020",NA,NA,NA
"208","FHV - Livery",10719,NA,2816,2794,1447,15.5,5.1,15.6,5,13,NA,NA,"2020-04",Apr 2020,321570,2020-04-28,NA,"17",75033,"2020",NA,NA,NA
"209","FHV - Livery",25153,NA,7553,7315,3689,15.6,5,15.4,4.9,16,NA,NA,"2020-03",Mar 2020,779743,2020-03-28,NA,"12",176071,"2020",NA,NA,NA
"210","FHV - Livery",34822,NA,7227,6969,4864,20.2,5.3,19.9,5.2,17,NA,NA,"2020-02",Feb 2020,1009838,2020-02-28,NA,"08",243754,"2020",NA,NA,NA
"211","FHV - Livery",35036,NA,7548,7305,4905,20.8,5.2,20.5,5.1,17,NA,NA,"2020-01",Jan 2020,1086116,2020-01-28,NA,"04",245252,"2020",NA,NA,NA
"212","FHV - Livery",38401,NA,7936,7698,5316,21.4,5.3,21.2,5.2,18,NA,NA,"2019-12",Dec 2019,1190431,2019-12-28,NA,"51",268807,"2019",NA,NA,NA
"213","FHV - Livery",35889,NA,7524,7293,5086,20.9,5.2,20.7,5.1,18,NA,NA,"2019-11",Nov 2019,1076670,2019-11-28,NA,"47",251223,"2019",NA,NA,NA
"214","FHV - Livery",38855,NA,8217,7920,5503,21.5,5.2,21.2,5.1,18,NA,NA,"2019-10",Oct 2019,1204505,2019-10-28,NA,"43",271985,"2019",NA,NA,NA
"215","FHV - Livery",19312,NA,4183,3979,2633,19.9,5.3,19.2,5.2,21,NA,NA,"2019-09",Sep 2019,579360,2019-09-28,NA,"38",135184,"2019",NA,NA,NA
"216","FHV - Livery",38815,NA,8104,7824,5441,21.6,5.3,21.3,5.2,18,NA,NA,"2019-08",Aug 2019,1203265,2019-08-28,NA,"34",271705,"2019",NA,NA,NA
"217","FHV - Livery",41492,NA,8474,8150,5682,21.6,5.3,21.3,5.2,18,NA,NA,"2019-07",Jul 2019,1286252,2019-07-28,NA,"29",290444,"2019",NA,NA,NA
"218","FHV - Livery",43938,NA,8569,8224,5856,21.4,5.4,21.1,5.3,18,NA,NA,"2019-06",Jun 2019,1318140,2019-06-28,NA,"25",307566,"2019",NA,NA,NA
"219","FHV - Livery",44781,NA,8581,8228,5868,22.1,5.5,21.7,5.3,17,NA,NA,"2019-05",May 2019,1388211,2019-05-28,NA,"21",313467,"2019",NA,NA,NA
"220","FHV - Livery",44846,NA,8469,8175,5844,21.4,5.5,21.1,5.4,17,NA,NA,"2019-04",Apr 2019,1345380,2019-04-28,NA,"16",313922,"2019",NA,NA,NA
"221","FHV - Livery",32099,NA,8216,7918,4737,18.5,4.9,18.3,4.8,17,NA,NA,"2019-03",Mar 2019,995069,2019-03-28,NA,"12",224693,"2019",NA,NA,NA
"222","FHV - Livery",44638,NA,8776,8440,5992,19.9,5.4,19.6,5.3,17,NA,NA,"2019-02",Feb 2019,1249864,2019-02-28,NA,"08",312466,"2019",NA,NA,NA
"223","FHV - Livery",41974,NA,8717,8368,5834,21.6,5.3,21.1,5.2,17,NA,30,"2019-01",Jan 2019,1301194,2019-01-28,NA,"04",293818,"2019",NA,42004,0
"224","FHV - Livery",48951,NA,9682,9247,6460,21.7,5.5,21.2,5.3,18,NA,35,"2018-12",Dec 2018,1517481,2018-12-28,NA,"52",342657,"2018",NA,48986,0
"225","FHV - Livery",47205,NA,9584,9195,6464,21.1,5.4,20.7,5.2,18,NA,36,"2018-11",Nov 2018,1416150,2018-11-28,NA,"48",330435,"2018",NA,47241,0
"226","FHV - Livery",44990,NA,9558,9182,6382,21.5,5.3,21.2,5.2,19,NA,34,"2018-10",Oct 2018,1394690,2018-10-28,NA,"43",314930,"2018",NA,45024,0
"227","FHV - Livery",42058,NA,8697,8414,5823,20.8,5.3,20.4,5.2,18,NA,35,"2018-09",Sep 2018,1261740,2018-09-28,NA,"39",294406,"2018",NA,42093,0
"228","FHV - Livery",46411,NA,9603,9321,6418,21.3,5.3,21,5.2,18,NA,15,"2018-08",Aug 2018,1438741,2018-08-28,NA,"35",324877,"2018",NA,46426,0
"229","FHV - Livery",44963,NA,9649,9396,6378,21,5.3,20.8,5.2,18,NA,18,"2018-07",Jul 2018,1393853,2018-07-28,NA,"30",314741,"2018",NA,44981,0
"230","FHV - Livery",55453,NA,10655,10332,7357,21.4,5.5,21.1,5.3,18,NA,18,"2018-06",Jun 2018,1663590,2018-06-28,NA,"26",388171,"2018",NA,55471,0
"231","FHV - Livery",55083,NA,10697,10368,7298,21.8,5.4,21.6,5.3,19,NA,15,"2018-05",May 2018,1707573,2018-05-28,NA,"22",385581,"2018",NA,55098,0
"232","FHV - Livery",57501,NA,11472,11106,7768,21,5.4,20.8,5.3,19,NA,14,"2018-04",Apr 2018,1725030,2018-04-28,NA,"17",402507,"2018",NA,57515,0
"233","FHV - Livery",58458,NA,11687,11313,7795,21.4,5.4,21.1,5.3,19,NA,12,"2018-03",Mar 2018,1812198,2018-03-28,NA,"13",409206,"2018",NA,58470,0
"234","FHV - Livery",58545,NA,12653,12055,8242,19.1,5.3,18.6,5.2,18,NA,19,"2018-02",Feb 2018,1639260,2018-02-28,NA,"09",409815,"2018",NA,58564,0
"235","FHV - Livery",62222,NA,13961,12751,8389,20.4,5.4,19,5.3,17,NA,15,"2018-01",Jan 2018,1928882,2018-01-28,NA,"04",435554,"2018",NA,62237,0
"236","FHV - Livery",64462,NA,13592,12966,8994,21.5,5.3,21,5.2,18,NA,12,"2017-12",Dec 2017,1998322,2017-12-28,NA,"52",451234,"2017",NA,64474,0
"237","FHV - Livery",59254,NA,13304,12807,8986,21.1,5.1,20.8,4.9,18,NA,16,"2017-11",Nov 2017,1777620,2017-11-28,NA,"48",414778,"2017",NA,59270,0
"238","FHV - Livery",59234,NA,13833,13335,9231,21.5,5,21.2,4.9,18,NA,NA,"2017-10",Oct 2017,1836254,2017-10-28,NA,"43",414638,"2017",NA,NA,NA
"239","FHV - Livery",59436,NA,14306,13795,9339,20.3,4.9,20,4.8,18,NA,12,"2017-09",Sep 2017,1783080,2017-09-28,NA,"39",416052,"2017",NA,59448,0
"240","FHV - Livery",59142,NA,14398,13907,9263,20.7,4.9,20.4,4.8,18,NA,6,"2017-08",Aug 2017,1833402,2017-08-28,NA,"35",413994,"2017",NA,59148,0
"241","FHV - Livery",59805,NA,14658,14069,9283,20.5,4.9,20.1,4.8,18,NA,13,"2017-07",Jul 2017,1853955,2017-07-28,NA,"30",418635,"2017",NA,59818,0
"242","FHV - Livery",64389,NA,15171,14250,9525,20.1,5.1,19.4,5,19,NA,12,"2017-06",Jun 2017,1931670,2017-06-28,NA,"26",450723,"2017",NA,64401,0
"243","FHV - Livery",77985,NA,14892,14323,10396,22.5,5.4,22.2,5.3,NA,NA,NA,"2017-05",May 2017,2417535,2017-05-28,NA,"21",545895,"2017",NA,NA,NA
"244","FHV - Livery",81326,NA,15386,14469,10373,21.5,5.6,20.9,5.4,NA,NA,NA,"2017-04",Apr 2017,2439780,2017-04-28,NA,"17",569282,"2017",NA,NA,NA
"245","FHV - Livery",85721,NA,15711,14884,10446,21.8,5.7,21.3,5.5,NA,NA,NA,"2017-03",Mar 2017,2657351,2017-03-28,NA,"13",600047,"2017",NA,NA,NA
"246","FHV - Livery",81985,NA,15605,14975,10746,20.1,5.5,19.8,5.4,NA,NA,NA,"2017-02",Feb 2017,2295580,2017-02-28,NA,"09",573895,"2017",NA,NA,NA
"247","FHV - Livery",79624,NA,15299,14680,10335,21.8,5.6,21.3,5.4,NA,NA,NA,"2017-01",Jan 2017,2468344,2017-01-28,NA,"04",557368,"2017",NA,NA,NA
"248","FHV - Livery",84307,NA,15164,14427,10525,22.6,5.6,22.1,5.5,NA,NA,NA,"2016-12",Dec 2016,2613517,2016-12-28,NA,"52",590149,"2016",NA,NA,NA
"249","FHV - Livery",80717,NA,15223,14489,10571,21.9,5.5,21.5,5.3,NA,NA,NA,"2016-11",Nov 2016,2421510,2016-11-28,NA,"48",565019,"2016",NA,NA,NA
"250","FHV - Livery",81340,NA,15530,14880,10729,22.4,5.5,22,5.3,NA,NA,NA,"2016-10",Oct 2016,2521540,2016-10-28,NA,"43",569380,"2016",NA,NA,NA
"251","FHV - Livery",82088,NA,15503,14680,10715,21.9,5.5,21.4,5.3,NA,NA,NA,"2016-09",Sep 2016,2462640,2016-09-28,NA,"39",574616,"2016",NA,NA,NA
"252","FHV - Livery",83283,NA,16226,15422,10916,21.9,5.5,21.4,5.3,NA,NA,NA,"2016-08",Aug 2016,2581773,2016-08-28,NA,"34",582981,"2016",NA,NA,NA
"253","FHV - Livery",85737,NA,16492,15435,10851,21.8,5.6,21.1,5.4,NA,NA,NA,"2016-07",Jul 2016,2657847,2016-07-28,NA,"30",600159,"2016",NA,NA,NA
"254","FHV - Livery",96337,NA,17481,16512,12114,22,5.6,21.5,5.5,NA,NA,NA,"2016-06",Jun 2016,2890110,2016-06-28,NA,"26",674359,"2016",NA,NA,NA
"255","FHV - Livery",100070,NA,21928,16951,12374,22.6,5.7,18.3,5.4,NA,NA,NA,"2016-05",May 2016,3102170,2016-05-28,NA,"21",700490,"2016",NA,NA,NA
"256","FHV - Livery",101203,NA,18275,17192,12538,21.9,5.7,21.3,5.5,NA,NA,NA,"2016-04",Apr 2016,3036090,2016-04-28,NA,"17",708421,"2016",NA,NA,NA
"257","FHV - Livery",95707,NA,16805,15852,11562,22.6,5.8,22.2,5.6,NA,NA,NA,"2016-03",Mar 2016,2966917,2016-03-28,NA,"13",669949,"2016",NA,NA,NA
"258","FHV - Livery",98897,NA,17135,16039,11676,21.1,5.8,20.6,5.6,NA,NA,NA,"2016-02",Feb 2016,2868013,2016-02-28,NA,"08",692279,"2016",NA,NA,NA
"259","FHV - Livery",89661,NA,19667,18782,11958,19.7,5.3,19.4,5.1,NA,NA,NA,"2016-01",Jan 2016,2779491,2016-01-28,NA,"04",627627,"2016",NA,NA,NA
"260","FHV - Livery",97134,NA,17652,16698,12283,22.8,5.7,22.3,5.5,NA,NA,NA,"2015-12",Dec 2015,3011154,2015-12-28,NA,"52",679938,"2015",NA,NA,NA
"261","FHV - Livery",93451,NA,17933,16777,12166,21.8,5.5,21.4,5.3,NA,NA,NA,"2015-11",Nov 2015,2803530,2015-11-28,NA,"47",654157,"2015",NA,NA,NA
"262","FHV - Livery",91468,NA,17790,16712,11834,22,5.6,21.6,5.3,NA,NA,NA,"2015-10",Oct 2015,2835508,2015-10-28,NA,"43",640276,"2015",NA,NA,NA
"263","FHV - Livery",60764,NA,11595,10792,7851,21.8,5.6,21,5.4,NA,NA,NA,"2015-09",Sep 2015,1822920,2015-09-28,NA,"39",425348,"2015",NA,NA,NA
"264","FHV - Livery",34450,NA,7141,6327,4379,21.5,5.7,19.9,5.4,NA,NA,NA,"2015-08",Aug 2015,1067950,2015-08-28,NA,"34",241150,"2015",NA,NA,NA
"265","FHV - Livery",18526,NA,4306,3815,2365,19.2,5.7,17.9,5.4,NA,NA,NA,"2015-07",Jul 2015,574306,2015-07-28,NA,"30",129682,"2015",NA,NA,NA
"266","FHV - Livery",25626,NA,4800,4281,3008,21.1,5.8,19.5,5.6,NA,NA,NA,"2015-06",Jun 2015,768780,2015-06-28,NA,"25",179382,"2015",NA,NA,NA
"267","FHV - Livery",31153,NA,6540,5779,3836,20.6,5.6,19,5.4,NA,NA,NA,"2015-05",May 2015,965743,2015-05-28,NA,"21",218071,"2015",NA,NA,NA
"268","FHV - Livery",33619,NA,7121,6416,4530,21.2,5.4,20,5.2,NA,NA,NA,"2015-04",Apr 2015,1008570,2015-04-28,NA,"17",235333,"2015",NA,NA,NA
"269","FHV - Livery",25025,NA,4275,4087,3052,23.2,5.6,23,5.4,NA,NA,NA,"2015-03",Mar 2015,775775,2015-03-28,NA,"12",175175,"2015",NA,NA,NA
"270","FHV - Livery",23250,NA,4227,3971,2901,20.5,5.4,20.2,5.2,NA,NA,NA,"2015-02",Feb 2015,651000,2015-02-28,NA,"08",162750,"2015",NA,NA,NA
"271","FHV - Livery",20740,NA,4526,4181,2848,21.1,5.2,20.5,5,NA,NA,NA,"2015-01",Jan 2015,642940,2015-01-28,NA,"04",145180,"2015",NA,NA,NA
"272","FHV - Lux Limo",1155,NA,1479,1382,534,11.6,2.1,11.2,2.1,70,NA,NA,"2022-06",Jun 2022,34650,2022-06-28,NA,"26",8085,"2022",NA,NA,NA
"273","FHV - Lux Limo",1221,NA,1539,1495,557,11.6,2.2,11.5,2.1,69,NA,NA,"2022-05",May 2022,37851,2022-05-28,NA,"21",8547,"2022",NA,NA,NA
"274","FHV - Lux Limo",1413,NA,1572,1514,623,12.3,2.2,12.3,2.2,67,NA,NA,"2022-04",Apr 2022,42390,2022-04-28,NA,"17",9891,"2022",NA,NA,NA
"275","FHV - Lux Limo",1405,NA,1501,1445,627,13.5,2.2,13.4,2.2,65,NA,NA,"2022-03",Mar 2022,43555,2022-03-28,NA,"13",9835,"2022",NA,NA,NA
"276","FHV - Lux Limo",1267,NA,1473,1416,597,11.8,2.1,11.6,2.1,64,NA,NA,"2022-02",Feb 2022,35476,2022-02-28,NA,"09",8869,"2022",NA,NA,NA
"277","FHV - Lux Limo",763,NA,1243,1206,407,10.5,1.9,10.5,1.8,61,NA,NA,"2022-01",Jan 2022,23653,2022-01-28,NA,"04",5341,"2022",NA,NA,NA
"278","FHV - Lux Limo",1081,NA,1493,1425,503,10.9,2.1,10.7,2.1,66,NA,NA,"2021-12",Dec 2021,33511,2021-12-28,NA,"52",7567,"2021",NA,NA,NA
"279","FHV - Lux Limo",1347,NA,1511,1432,591,12.4,2.3,12.2,2.2,67,NA,NA,"2021-11",Nov 2021,40410,2021-11-28,NA,"47",9429,"2021",NA,NA,NA
"280","FHV - Lux Limo",1126,NA,1378,1320,522,12.3,2.1,11.8,2.1,70,NA,NA,"2021-10",Oct 2021,34906,2021-10-28,NA,"43",7882,"2021",NA,NA,NA
"281","FHV - Lux Limo",1025,NA,1362,1291,482,11.2,2.1,10.9,2,72,NA,NA,"2021-09",Sep 2021,30750,2021-09-28,NA,"39",7175,"2021",NA,NA,NA
"282","FHV - Lux Limo",665,NA,998,955,337,11,2,10.7,1.9,72,NA,NA,"2021-08",Aug 2021,20615,2021-08-28,NA,"34",4655,"2021",NA,NA,NA
"283","FHV - Lux Limo",700,NA,1159,1137,362,9.9,1.9,9.8,1.9,71,NA,NA,"2021-07",Jul 2021,21700,2021-07-28,NA,"30",4900,"2021",NA,NA,NA
"284","FHV - Lux Limo",928,NA,1184,1152,437,11.4,2.1,11.3,2.1,71,NA,NA,"2021-06",Jun 2021,27840,2021-06-28,NA,"26",6496,"2021",NA,NA,NA
"285","FHV - Lux Limo",727,NA,956,900,339,11.7,2.1,11.2,2.1,66,NA,NA,"2021-05",May 2021,22537,2021-05-28,NA,"21",5089,"2021",NA,NA,NA
"286","FHV - Lux Limo",708,NA,915,872,342,11.8,2,11.5,2,59,NA,NA,"2021-04",Apr 2021,21240,2021-04-28,NA,"17",4956,"2021",NA,NA,NA
"287","FHV - Lux Limo",629,NA,812,791,302,11.9,2,11.8,2,56,NA,NA,"2021-03",Mar 2021,19499,2021-03-28,NA,"12",4403,"2021",NA,NA,NA
"288","FHV - Lux Limo",584,NA,781,768,274,10,2.1,10,2.1,53,NA,NA,"2021-02",Feb 2021,16352,2021-02-28,NA,"08",4088,"2021",NA,NA,NA
"289","FHV - Lux Limo",528,NA,793,769,264,10.7,2,10.5,1.9,50,NA,NA,"2021-01",Jan 2021,16368,2021-01-28,NA,"04",3696,"2021",NA,NA,NA
"290","FHV - Lux Limo",475,NA,749,724,237,10.2,2,10,1.9,57,NA,NA,"2020-12",Dec 2020,14725,2020-12-28,NA,"52",3325,"2020",NA,NA,NA
"291","FHV - Lux Limo",457,NA,722,698,230,9.9,2,9.8,1.9,59,NA,NA,"2020-11",Nov 2020,13710,2020-11-28,NA,"47",3199,"2020",NA,NA,NA
"292","FHV - Lux Limo",527,NA,840,802,264,10.2,2,9.9,1.9,61,NA,NA,"2020-10",Oct 2020,16337,2020-10-28,NA,"43",3689,"2020",NA,NA,NA
"293","FHV - Lux Limo",479,NA,743,718,234,9.8,2,9.7,2,63,NA,NA,"2020-09",Sep 2020,14370,2020-09-28,NA,"39",3353,"2020",NA,NA,NA
"294","FHV - Lux Limo",449,NA,694,691,207,9.3,2.1,9.4,2.1,56,NA,NA,"2020-08",Aug 2020,13919,2020-08-28,NA,"34",3143,"2020",NA,NA,NA
"295","FHV - Lux Limo",436,NA,597,567,186,10.2,2.3,9.8,2.3,52,NA,NA,"2020-07",Jul 2020,13516,2020-07-28,NA,"30",3052,"2020",NA,NA,NA
"296","FHV - Lux Limo",315,NA,447,431,141,9.9,2.2,9.7,2.1,51,NA,NA,"2020-06",Jun 2020,9450,2020-06-28,NA,"25",2205,"2020",NA,NA,NA
"297","FHV - Lux Limo",191,NA,343,344,96,8.7,2,8.7,1.9,47,NA,NA,"2020-05",May 2020,5921,2020-05-28,NA,"21",1337,"2020",NA,NA,NA
"298","FHV - Lux Limo",148,NA,319,337,75,6.7,1.9,7.1,1.9,48,NA,NA,"2020-04",Apr 2020,4440,2020-04-28,NA,"17",1036,"2020",NA,NA,NA
"299","FHV - Lux Limo",1060,NA,2194,2063,531,8,2,7.8,1.9,61,NA,NA,"2020-03",Mar 2020,32860,2020-03-28,NA,"12",7420,"2020",NA,NA,NA
"300","FHV - Lux Limo",2472,NA,2472,2343,1071,13.3,2.3,13.1,2.2,63,NA,NA,"2020-02",Feb 2020,71688,2020-02-28,NA,"08",17304,"2020",NA,NA,NA
"301","FHV - Lux Limo",2079,NA,2162,2128,908,13.2,2.3,13.4,2.2,59,NA,NA,"2020-01",Jan 2020,64449,2020-01-28,NA,"04",14553,"2020",NA,NA,NA
"302","FHV - Lux Limo",2555,NA,2548,2536,1069,13.1,2.4,13.3,2.3,70,NA,NA,"2019-12",Dec 2019,79205,2019-12-28,NA,"51",17885,"2019",NA,NA,NA
"303","FHV - Lux Limo",2017,NA,1853,1776,835,14.1,2.4,14,2.3,67,NA,NA,"2019-11",Nov 2019,60510,2019-11-28,NA,"47",14119,"2019",NA,NA,NA
"304","FHV - Lux Limo",3105,NA,2682,2530,1256,15.4,2.4,15.1,2.4,69,NA,NA,"2019-10",Oct 2019,96255,2019-10-28,NA,"43",21735,"2019",NA,NA,NA
"305","FHV - Lux Limo",2739,NA,2522,2402,1098,13.7,2.5,13.5,2.4,75,NA,NA,"2019-09",Sep 2019,82170,2019-09-28,NA,"38",19173,"2019",NA,NA,NA
"306","FHV - Lux Limo",2099,NA,2389,2311,969,13,2.1,12.9,2.1,73,NA,NA,"2019-08",Aug 2019,65069,2019-08-28,NA,"34",14693,"2019",NA,NA,NA
"307","FHV - Lux Limo",2013,NA,2105,2013,881,13.6,2.3,13.4,2.2,73,NA,NA,"2019-07",Jul 2019,62403,2019-07-28,NA,"29",14091,"2019",NA,NA,NA
"308","FHV - Lux Limo",2276,NA,2124,2140,993,13.9,2.3,14.1,2.3,71,NA,NA,"2019-06",Jun 2019,68280,2019-06-28,NA,"25",15932,"2019",NA,NA,NA
"309","FHV - Lux Limo",2657,NA,2245,2256,1100,15.1,2.4,15.1,2.4,70,NA,NA,"2019-05",May 2019,82367,2019-05-28,NA,"21",18599,"2019",NA,NA,NA
"310","FHV - Lux Limo",2584,NA,2374,2391,1118,14,2.3,14.1,2.3,67,NA,NA,"2019-04",Apr 2019,77520,2019-04-28,NA,"16",18088,"2019",NA,NA,NA
"311","FHV - Lux Limo",1513,NA,1786,1799,698,12,2.1,12,2.1,62,NA,NA,"2019-03",Mar 2019,46903,2019-03-28,NA,"12",10591,"2019",NA,NA,NA
"312","FHV - Lux Limo",2467,NA,2147,2142,1034,13.5,2.4,13.6,2.3,65,NA,NA,"2019-02",Feb 2019,69076,2019-02-28,NA,"08",17269,"2019",NA,NA,NA
"313","FHV - Lux Limo",2573,NA,2675,2533,1137,13.9,2.2,13.7,2.2,63,NA,NA,"2019-01",Jan 2019,79763,2019-01-28,NA,"04",18011,"2019",NA,NA,NA
"314","FHV - Lux Limo",3025,NA,3083,2991,1260,13.1,2.4,13.1,2.3,70,NA,NA,"2018-12",Dec 2018,93775,2018-12-28,NA,"52",21175,"2018",NA,NA,NA
"315","FHV - Lux Limo",3622,NA,2960,2832,1364,14.5,2.5,14.2,2.4,71,NA,NA,"2018-11",Nov 2018,108660,2018-11-28,NA,"48",25354,"2018",NA,NA,NA
"316","FHV - Lux Limo",3467,NA,2835,2696,1384,15.9,2.5,15.6,2.4,71,NA,NA,"2018-10",Oct 2018,107477,2018-10-28,NA,"43",24269,"2018",NA,NA,NA
"317","FHV - Lux Limo",2556,NA,2425,2271,1062,14,2.4,13.6,2.3,69,NA,NA,"2018-09",Sep 2018,76680,2018-09-28,NA,"39",17892,"2018",NA,NA,NA
"318","FHV - Lux Limo",2211,NA,2516,2395,1027,13.3,2.1,13,2.1,68,NA,NA,"2018-08",Aug 2018,68541,2018-08-28,NA,"35",15477,"2018",NA,NA,NA
"319","FHV - Lux Limo",2377,NA,2663,2488,1072,13.4,2.2,12.8,2.1,69,NA,NA,"2018-07",Jul 2018,73687,2018-07-28,NA,"30",16639,"2018",NA,NA,NA
"320","FHV - Lux Limo",3433,NA,3135,3062,1431,14,2.4,14.2,2.3,73,NA,NA,"2018-06",Jun 2018,102990,2018-06-28,NA,"26",24031,"2018",NA,NA,NA
"321","FHV - Lux Limo",3531,NA,3180,3141,1463,14.4,2.4,14.7,2.3,72,NA,NA,"2018-05",May 2018,109461,2018-05-28,NA,"22",24717,"2018",NA,NA,NA
"322","FHV - Lux Limo",3362,NA,3289,3214,1446,13.5,2.3,13.6,2.2,63,NA,NA,"2018-04",Apr 2018,100860,2018-04-28,NA,"17",23534,"2018",NA,NA,NA
"323","FHV - Lux Limo",3127,NA,3174,3077,1346,13.6,2.3,13.6,2.2,64,NA,NA,"2018-03",Mar 2018,96937,2018-03-28,NA,"13",21889,"2018",NA,NA,NA
"324","FHV - Lux Limo",3240,NA,3273,3189,1399,12.3,2.3,12.4,2.2,62,NA,NA,"2018-02",Feb 2018,90720,2018-02-28,NA,"09",22680,"2018",NA,NA,NA
"325","FHV - Lux Limo",3142,NA,3385,3299,1378,13,2.2,13.1,2.2,63,NA,NA,"2018-01",Jan 2018,97402,2018-01-28,NA,"04",21994,"2018",NA,NA,NA
"326","FHV - Lux Limo",3139,NA,3479,3331,1343,12.5,2.3,12.4,2.2,69,NA,NA,"2017-12",Dec 2017,97309,2017-12-28,NA,"52",21973,"2017",NA,NA,NA
"327","FHV - Lux Limo",3246,NA,3088,2978,1341,13.5,2.4,13.5,2.3,68,NA,NA,"2017-11",Nov 2017,97380,2017-11-28,NA,"48",22722,"2017",NA,NA,NA
"328","FHV - Lux Limo",3171,NA,3053,2936,1341,14.2,2.3,14.2,2.3,68,NA,NA,"2017-10",Oct 2017,98301,2017-10-28,NA,"43",22197,"2017",NA,NA,NA
"329","FHV - Lux Limo",3396,NA,3483,3375,1439,12.8,2.3,12.8,2.3,68,NA,NA,"2017-09",Sep 2017,101880,2017-09-28,NA,"39",23772,"2017",NA,NA,NA
"330","FHV - Lux Limo",2774,NA,3400,3278,1313,12.4,2.1,12.4,2,67,NA,NA,"2017-08",Aug 2017,85994,2017-08-28,NA,"35",19418,"2017",NA,NA,NA
"331","FHV - Lux Limo",2720,NA,3284,3237,1270,12.2,2.1,12.4,2.1,69,NA,NA,"2017-07",Jul 2017,84320,2017-07-28,NA,"30",19040,"2017",NA,NA,NA
"332","FHV - Lux Limo",3327,NA,3254,3225,1423,13.3,2.3,13.6,2.2,71,NA,NA,"2017-06",Jun 2017,99810,2017-06-28,NA,"26",23289,"2017",NA,NA,NA
"333","FHV - Lux Limo",3653,NA,3062,3053,1526,15.5,2.3,15.7,2.3,NA,NA,NA,"2017-05",May 2017,113243,2017-05-28,NA,"21",25571,"2017",NA,NA,NA
"334","FHV - Lux Limo",3240,NA,3067,3034,1366,13.5,2.3,13.5,2.2,NA,NA,NA,"2017-04",Apr 2017,97200,2017-04-28,NA,"17",22680,"2017",NA,NA,NA
"335","FHV - Lux Limo",3391,NA,2865,2923,1371,14.6,2.4,15,2.3,NA,NA,NA,"2017-03",Mar 2017,105121,2017-03-28,NA,"13",23737,"2017",NA,NA,NA
"336","FHV - Lux Limo",3502,NA,3041,3083,1467,13.3,2.3,13.7,2.2,NA,NA,NA,"2017-02",Feb 2017,98056,2017-02-28,NA,"09",24514,"2017",NA,NA,NA
"337","FHV - Lux Limo",3302,NA,3139,3178,1404,13.7,2.3,14,2.2,NA,NA,NA,"2017-01",Jan 2017,102362,2017-01-28,NA,"04",23114,"2017",NA,NA,NA
"338","FHV - Lux Limo",2705,NA,2370,2545,1094,13.3,2.4,14.1,2.3,NA,NA,NA,"2016-12",Dec 2016,83855,2016-12-28,NA,"52",18935,"2016",NA,NA,NA
"339","FHV - Lux Limo",2514,NA,2075,2198,1017,13.9,2.4,14.4,2.4,NA,NA,NA,"2016-11",Nov 2016,75420,2016-11-28,NA,"48",17598,"2016",NA,NA,NA
"340","FHV - Lux Limo",3297,NA,2632,2696,1307,15.1,2.4,15.5,2.4,NA,NA,NA,"2016-10",Oct 2016,102207,2016-10-28,NA,"43",23079,"2016",NA,NA,NA
"341","FHV - Lux Limo",3200,NA,2504,2579,1254,14.6,2.4,15,2.4,NA,NA,NA,"2016-09",Sep 2016,96000,2016-09-28,NA,"39",22400,"2016",NA,NA,NA
"342","FHV - Lux Limo",3008,NA,3010,3077,1336,13.5,2.2,13.7,2.1,NA,NA,NA,"2016-08",Aug 2016,93248,2016-08-28,NA,"34",21056,"2016",NA,NA,NA
"343","FHV - Lux Limo",3080,NA,2798,2830,1258,13.8,2.3,14.1,2.2,NA,NA,NA,"2016-07",Jul 2016,95480,2016-07-28,NA,"30",21560,"2016",NA,NA,NA
"344","FHV - Lux Limo",5007,NA,3592,3628,1852,15.3,2.5,15.5,2.4,NA,NA,NA,"2016-06",Jun 2016,150210,2016-06-28,NA,"26",35049,"2016",NA,NA,NA
"345","FHV - Lux Limo",4992,NA,3713,3676,1821,15.4,2.6,15.6,2.5,NA,NA,NA,"2016-05",May 2016,154752,2016-05-28,NA,"21",34944,"2016",NA,NA,NA
"346","FHV - Lux Limo",5053,NA,3599,3593,1839,15.4,2.5,15.5,2.4,NA,NA,NA,"2016-04",Apr 2016,151590,2016-04-28,NA,"17",35371,"2016",NA,NA,NA
"347","FHV - Lux Limo",4425,NA,3416,3436,1724,15.6,2.4,15.7,2.3,NA,NA,NA,"2016-03",Mar 2016,137175,2016-03-28,NA,"13",30975,"2016",NA,NA,NA
"348","FHV - Lux Limo",4405,NA,3250,3370,1701,14.7,2.4,15,2.3,NA,NA,NA,"2016-02",Feb 2016,127745,2016-02-28,NA,"08",30835,"2016",NA,NA,NA
"349","FHV - Lux Limo",3721,NA,3920,3371,1517,14,2.3,12.3,2.2,NA,NA,NA,"2016-01",Jan 2016,115351,2016-01-28,NA,"04",26047,"2016",NA,NA,NA
"350","FHV - Lux Limo",5437,NA,3887,3948,1878,14.8,2.5,14.7,2.4,NA,NA,NA,"2015-12",Dec 2015,168547,2015-12-28,NA,"52",38059,"2015",NA,NA,NA
"351","FHV - Lux Limo",5583,NA,3890,3820,1936,15.2,2.5,14.7,2.4,NA,NA,NA,"2015-11",Nov 2015,167490,2015-11-28,NA,"47",39081,"2015",NA,NA,NA
"352","FHV - Lux Limo",5554,NA,3805,3840,2008,16.2,2.5,16.6,2.5,NA,NA,NA,"2015-10",Oct 2015,172174,2015-10-28,NA,"43",38878,"2015",NA,NA,NA
"353","FHV - Lux Limo",4069,NA,3127,3069,1550,15.2,2.6,14.7,2.5,NA,NA,NA,"2015-09",Sep 2015,122070,2015-09-28,NA,"39",28483,"2015",NA,NA,NA
"354","FHV - Lux Limo",3476,NA,2389,2462,1188,15,2.5,14.5,2.3,NA,NA,NA,"2015-08",Aug 2015,107756,2015-08-28,NA,"34",24332,"2015",NA,NA,NA
"355","FHV - Lux Limo",3136,NA,2381,2354,1146,15.1,2.4,15.5,2.5,NA,NA,NA,"2015-07",Jul 2015,97216,2015-07-28,NA,"30",21952,"2015",NA,NA,NA
"356","FHV - Lux Limo",3655,NA,2461,2501,1368,16.4,2.6,16.6,2.5,NA,NA,NA,"2015-06",Jun 2015,109650,2015-06-28,NA,"25",25585,"2015",NA,NA,NA
"357","FHV - Lux Limo",3580,NA,2709,2735,1388,15.7,2.5,16,2.4,NA,NA,NA,"2015-05",May 2015,110980,2015-05-28,NA,"21",25060,"2015",NA,NA,NA
"358","FHV - Lux Limo",2973,NA,1977,1990,1059,16,2.7,16.1,2.6,NA,NA,NA,"2015-04",Apr 2015,89190,2015-04-28,NA,"17",20811,"2015",NA,NA,NA
"359","FHV - Lux Limo",1439,NA,957,990,553,17.3,2.6,18.7,2.5,NA,NA,NA,"2015-03",Mar 2015,44609,2015-03-28,NA,"12",10073,"2015",NA,NA,NA
"360","FHV - Lux Limo",1782,NA,1037,1034,620,16.8,2.8,17.2,2.7,NA,NA,NA,"2015-02",Feb 2015,49896,2015-02-28,NA,"08",12474,"2015",NA,NA,NA
"361","FHV - Lux Limo",1310,NA,886,856,462,16.8,2.8,16.6,2.7,NA,NA,NA,"2015-01",Jan 2015,40610,2015-01-28,NA,"04",9170,"2015",NA,NA,NA
"362","Green",2070,37356,975,939,467,15.42,3.42,15.02,3.39,15.69,0.68,0,"2022-07",Jul 2022,64170,2022-07-28,1158036,"30",14490,"2022",261492,2070,0
"363","Green",2451,44572,1038,1002,526,15.77,3.58,15.36,3.55,16.84,0.69,0,"2022-06",Jun 2022,73530,2022-06-28,1337160,"26",17157,"2022",312004,2451,0
"364","Green",2480,44850,1065,1027,531,16.04,3.55,15.64,3.52,16.69,0.69,0,"2022-05",May 2022,76880,2022-05-28,1390350,"21",17360,"2022",313950,2480,0
"365","Green",2536,43591,1057,1027,545,15.9,3.5,15.7,3.5,15.9,0.67,0,"2022-04",Apr 2022,76080,2022-04-28,1307730,"17",17752,"2022",305137,2536,0
"366","Green",2531,42436,1133,1104,553,15.5,3.5,15.4,3.4,15.4,0.66,0,"2022-03",Mar 2022,78461,2022-03-28,1315516,"13",17717,"2022",297052,2531,0
"367","Green",2477,40475,1121,1085,565,14.6,3.4,14.3,3.3,15.1,0.66,0,"2022-02",Feb 2022,69356,2022-02-28,1133300,"09",17339,"2022",283325,2477,0
"368","Green",2016,32510,1162,1136,523,14.3,3.1,14.2,3,14.3,0.65,0,"2022-01",Jan 2022,62496,2022-01-28,1007810,"04",14112,"2022",227570,2016,0
"369","Green",3223,70840,1299,1232,705,17.8,3.6,17.1,3.6,19.5,0.69,0,"2021-12",Dec 2021,99913,2021-12-28,2196040,"52",22561,"2021",495880,3223,0
"370","Green",3607,82076,1312,1270,741,17.5,3.9,17.2,3.8,20.6,0.73,0,"2021-11",Nov 2021,108210,2021-11-28,2462280,"47",25249,"2021",574532,3607,0
"371","Green",3574,82093,1311,1251,736,18.3,3.9,17.6,3.8,21,0.73,NA,"2021-10",Oct 2021,110794,2021-10-28,2544883,"43",25018,"2021",574651,NA,NA
"372","Green",3190,77261,1214,1171,639,16.4,4,16,3.9,21.5,0.74,NA,"2021-09",Sep 2021,95700,2021-09-28,2317830,"39",22330,"2021",540827,NA,NA
"373","Green",2693,63670,944,926,509,17.1,4.1,16.9,4.1,20,0.75,NA,"2021-08",Aug 2021,83483,2021-08-28,1973770,"34",18851,"2021",445690,NA,NA
"374","Green",2698,63047,983,950,508,16.6,4.1,16.2,4.1,20.1,0.75,NA,"2021-07",Jul 2021,83638,2021-07-28,1954457,"30",18886,"2021",441329,NA,NA
"375","Green",2891,65833,1002,976,531,16.3,4.2,16.1,4.2,20.5,0.75,NA,"2021-06",Jun 2021,86730,2021-06-28,1974990,"26",20237,"2021",460831,NA,NA
"376","Green",2843,65575,979,951,517,16.9,4.3,16.5,4.2,20,0.78,NA,"2021-05",May 2021,88133,2021-05-28,2032825,"21",19901,"2021",459025,NA,NA
"377","Green",2896,67873,953,927,515,16.7,4.4,16.4,4.3,20.1,0.78,NA,"2021-04",Apr 2021,86880,2021-04-28,2036190,"17",20272,"2021",475111,NA,NA
"378","Green",2703,62408,951,931,482,16.1,4.4,15.9,4.4,18.9,0.79,NA,"2021-03",Mar 2021,83793,2021-03-28,1934648,"12",18921,"2021",436856,NA,NA
"379","Green",2305,52276,904,881,446,14.2,4.1,13.9,4.1,18.8,0.79,NA,"2021-02",Feb 2021,64540,2021-02-28,1463728,"08",16135,"2021",365932,NA,NA
"380","Green",2467,56409,991,982,491,15.5,4.1,15.5,4,17.4,0.79,NA,"2021-01",Jan 2021,76477,2021-01-28,1748679,"04",17269,"2021",394863,NA,NA
"381","Green",2681,60329,1095,1087,560,16,3.9,16,3.9,18.1,0.76,NA,"2020-12",Dec 2020,83111,2020-12-28,1870199,"52",18767,"2020",422303,NA,NA
"382","Green",2953,66505,1137,1106,610,16.6,4,16.4,3.9,18.2,0.77,NA,"2020-11",Nov 2020,88590,2020-11-28,1995150,"47",20671,"2020",465535,NA,NA
"383","Green",3067,68559,1137,1117,605,16.8,4.1,16.7,4.1,18.4,0.76,NA,"2020-10",Oct 2020,95077,2020-10-28,2125329,"43",21469,"2020",479913,NA,NA
"384","Green",2932,66854,1123,1100,575,15.7,4.1,15.5,4.1,18.6,0.76,NA,"2020-09",Sep 2020,87960,2020-09-28,2005620,"39",20524,"2020",467978,NA,NA
"385","Green",2614,62686,1142,1127,544,15,4,15,3.9,18.7,0.74,NA,"2020-08",Aug 2020,81034,2020-08-28,1943266,"34",18298,"2020",438802,NA,NA
"386","Green",2330,54821,937,925,430,14.4,4.3,14.4,4.2,18.1,0.73,NA,"2020-07",Jul 2020,72230,2020-07-28,1699451,"30",16310,"2020",383747,NA,NA
"387","Green",2103,46850,856,850,408,14.4,4.1,14.5,4,17.5,0.71,NA,"2020-06",Jun 2020,63090,2020-06-28,1405500,"25",14721,"2020",327950,NA,NA
"388","Green",1850,38440,830,819,405,15.3,3.7,15.3,3.7,16.5,0.73,NA,"2020-05",May 2020,57350,2020-05-28,1191640,"21",12950,"2020",269080,NA,NA
"389","Green",1186,22495,669,669,278,12.5,3.4,12.6,3.4,14.5,0.66,NA,"2020-04",Apr 2020,35580,2020-04-28,674850,"17",8302,"2020",157465,NA,NA
"390","Green",7205,113973,2692,2560,1248,15.1,4.4,14.7,4.3,15.2,0.63,NA,"2020-03",Mar 2020,223355,2020-03-28,3533163,"12",50435,"2020",797811,NA,NA
"391","Green",13743,240822,2843,2674,2006,21.8,5,20.9,4.9,15.4,0.44,NA,"2020-02",Feb 2020,398547,2020-02-28,6983838,"08",96201,"2020",1685754,NA,NA
"392","Green",13446,236992,2876,2703,1997,22.9,5,22,4.9,15.3,0.44,NA,"2020-01",Jan 2020,416826,2020-01-28,7346752,"04",94122,"2020",1658944,NA,NA
"393","Green",11598,162078,2904,2731,1834,20.8,4.4,20,4.4,13.6,0.53,NA,"2019-12",Dec 2019,359538,2019-12-28,5024418,"51",81186,"2019",1134546,NA,NA
"394","Green",12068,170328,2969,2781,1904,20.5,4.5,19.7,4.4,13.8,0.55,NA,"2019-11",Nov 2019,362040,2019-11-28,5109840,"47",84476,"2019",1192296,NA,NA
"395","Green",12470,178014,3004,2818,1990,21.9,4.5,21,4.4,14,0.56,NA,"2019-10",Oct 2019,386570,2019-10-28,5518434,"43",87290,"2019",1246098,NA,NA
"396","Green",12985,190621,3033,2856,2048,21.5,4.6,20.6,4.5,14.3,0.55,NA,"2019-09",Sep 2019,389550,2019-09-28,5718630,"38",90895,"2019",1334347,NA,NA
"397","Green",12866,188318,3033,2841,2011,22,4.6,20.9,4.6,13.9,0.54,NA,"2019-08",Aug 2019,398846,2019-08-28,5837858,"34",90062,"2019",1318226,NA,NA
"398","Green",13969,205934,3179,2985,2125,22.1,4.7,21.1,4.6,14.2,0.55,NA,"2019-07",Jul 2019,433039,2019-07-28,6383954,"29",97783,"2019",1441538,NA,NA
"399","Green",15690,235578,3292,3080,2216,21.6,5,20.7,4.8,15,0.55,NA,"2019-06",Jun 2019,470700,2019-06-28,7067340,"25",109830,"2019",1649046,NA,NA
"400","Green",16248,243583,3393,3170,2351,23,4.8,22,4.7,15.1,0.56,NA,"2019-05",May 2019,503688,2019-05-28,7551073,"21",113736,"2019",1705081,NA,NA
"401","Green",17080,249506,3508,3249,2423,22.4,4.9,21.2,4.8,14.3,0.57,NA,"2019-04",Apr 2019,512400,2019-04-28,7485180,"16",119560,"2019",1746542,NA,NA
"402","Green",19318,305302,3586,3296,2524,23.7,5.4,22.3,5.2,15.8,0.6,NA,"2019-03",Mar 2019,598858,2019-03-28,9464362,"12",135226,"2019",2137114,NA,NA
"403","Green",20481,325509,3626,3385,2651,21.9,5.4,20.9,5.3,15.7,0.62,NA,"2019-02",Feb 2019,573468,2019-02-28,9114252,"08",143367,"2019",2278563,NA,NA
"404","Green",20327,309210,3705,3442,2642,23.8,5.4,22.6,5.3,15,0.62,NA,"2019-01",Jan 2019,630137,2019-01-28,9585510,"04",142289,"2019",2164470,NA,NA
"405","Green",22083,341294,3777,3468,2720,24.3,5.6,22.9,5.4,15.7,0.59,NA,"2018-12",Dec 2018,684573,2018-12-28,10580114,"52",154581,"2018",2389058,NA,NA
"406","Green",21858,344302,3767,3490,2742,23.6,5.5,22.3,5.4,16.4,0.61,NA,"2018-11",Nov 2018,655740,2018-11-28,10329060,"48",153006,"2018",2410114,NA,NA
"407","Green",22889,360292,3827,3523,2796,24.6,5.7,23.2,5.6,16.3,0.6,NA,"2018-10",Oct 2018,709559,2018-10-28,11169052,"43",160223,"2018",2522044,NA,NA
"408","Green",22193,345939,3806,3503,2721,23.3,5.6,21.9,5.5,15.8,0.58,NA,"2018-09",Sep 2018,665790,2018-09-28,10378170,"39",155351,"2018",2421573,NA,NA
"409","Green",21468,326276,3788,3507,2646,23.4,5.6,22.1,5.5,15,0.6,NA,"2018-08",Aug 2018,665508,2018-08-28,10114556,"35",150276,"2018",2283932,NA,NA
"410","Green",22048,331003,3909,3588,2754,23.8,5.5,22.4,5.4,14.8,0.56,NA,"2018-07",Jul 2018,683488,2018-07-28,10261093,"30",154336,"2018",2317021,NA,NA
"411","Green",24610,374454,3976,3653,2858,23.5,5.8,22.1,5.6,15.5,0.56,NA,"2018-06",Jun 2018,738300,2018-06-28,11233620,"26",172270,"2018",2621178,NA,NA
"412","Green",25693,386965,4057,3707,2949,24.7,5.8,23.1,5.7,15.5,0.57,NA,"2018-05",May 2018,796483,2018-05-28,11995915,"22",179851,"2018",2708755,NA,NA
"413","Green",26642,384918,4081,3746,2976,23.8,5.9,22.4,5.8,14.5,0.56,NA,"2018-04",Apr 2018,799260,2018-04-28,11547540,"17",186494,"2018",2694426,NA,NA
"414","Green",26967,374253,4145,3773,2961,24.3,5.9,22.7,5.8,13.9,0.55,NA,"2018-03",Mar 2018,835977,2018-03-28,11601843,"13",188769,"2018",2619771,NA,NA
"415","Green",27461,360001,4260,3920,3058,21.8,5.9,20.6,5.7,12.9,0.55,NA,"2018-02",Feb 2018,768908,2018-02-28,10080028,"09",192227,"2018",2520007,NA,NA
"416","Green",25564,331105,4377,4021,2983,23,5.7,21.6,5.5,12.8,0.53,NA,"2018-01",Jan 2018,792484,2018-01-28,10264255,"04",178948,"2018",2317735,NA,NA
"417","Green",29223,383355,4497,4117,3200,24.1,5.9,22.6,5.8,13,0.51,NA,"2017-12",Dec 2017,905913,2017-12-28,11884005,"52",204561,"2017",2683485,NA,NA
"418","Green",29136,386722,4601,4199,3320,23.7,5.8,22.2,5.7,13.2,0.53,NA,"2017-11",Nov 2017,874080,2017-11-28,11601660,"48",203952,"2017",2707054,NA,NA
"419","Green",29858,401160,4723,4287,3390,24.5,5.9,22.8,5.7,13.4,0.53,NA,"2017-10",Oct 2017,925598,2017-10-28,12435960,"43",209006,"2017",2808120,NA,NA
"420","Green",29409,402289,4693,4320,3337,23.2,5.8,21.9,5.7,13.3,0.51,NA,"2017-09",Sep 2017,882270,2017-09-28,12068670,"39",205863,"2017",2816023,NA,NA
"421","Green",27976,373385,4769,4384,3347,23.7,5.6,22.3,5.5,12.6,0.5,NA,"2017-08",Aug 2017,867256,2017-08-28,11574935,"35",195832,"2017",2613695,NA,NA
"422","Green",29503,391767,4969,4579,3463,23.4,5.7,22.2,5.5,12.6,0.5,NA,"2017-07",Jul 2017,914593,2017-07-28,12144777,"30",206521,"2017",2742369,NA,NA
"423","Green",32544,432850,5072,4686,3629,23.2,5.7,22,5.6,13.2,0.5,NA,"2017-06",Jun 2017,976320,2017-06-28,12985500,"26",227808,"2017",3029950,NA,NA
"424","Green",34174,449352,5302,4823,3740,24,5.8,22.4,5.7,13.1,0.5,NA,"2017-05",May 2017,1059394,2017-05-28,13929912,"21",239218,"2017",3145464,NA,NA
"425","Green",36024,465532,5337,4844,3803,23.6,6,22,5.8,12.5,0.5,NA,"2017-04",Apr 2017,1080720,2017-04-28,13965960,"17",252168,"2017",3258724,NA,NA
"426","Green",37341,473888,5357,4923,3789,23.9,6.1,22.5,5.9,12.4,0.49,NA,"2017-03",Mar 2017,1157571,2017-03-28,14690528,"13",261387,"2017",3317216,NA,NA
"427","Green",36509,461734,5533,5089,3895,21.4,5.9,20.2,5.8,12.1,0.5,NA,"2017-02",Feb 2017,1022252,2017-02-28,12928552,"09",255563,"2017",3232138,NA,NA
"428","Green",34497,431323,5751,5277,3918,23,5.7,21.7,5.5,11.8,0.49,NA,"2017-01",Jan 2017,1069407,2017-01-28,13371013,"04",241479,"2017",3019261,NA,NA
"429","Green",39488,508205,5935,5399,4166,23.9,6,22.4,5.8,12.4,0.48,NA,"2016-12",Dec 2016,1224128,2016-12-28,15754355,"52",276416,"2016",3557435,NA,NA
"430","Green",38272,501128,6065,5513,4258,23.2,5.8,21.6,5.7,12.8,0.49,NA,"2016-11",Nov 2016,1148160,2016-11-28,15033840,"48",267904,"2016",3507896,NA,NA
"431","Green",40405,540913,6215,5604,4331,24,5.9,22.1,5.8,13,0.5,NA,"2016-10",Oct 2016,1252555,2016-10-28,16768303,"43",282835,"2016",3786391,NA,NA
"432","Green",38741,529544,6341,5690,4272,22.5,5.8,20.7,5.7,13.4,0.49,NA,"2016-09",Sep 2016,1162230,2016-09-28,15886320,"39",271187,"2016",3706808,NA,NA
"433","Green",40241,547786,6359,5774,4329,23.2,6,21.7,5.9,12.9,0.49,NA,"2016-08",Aug 2016,1247471,2016-08-28,16981366,"34",281687,"2016",3834502,NA,NA
"434","Green",42979,589602,6471,5868,4408,23.3,6.2,21.7,6,13,0.5,NA,"2016-07",Jul 2016,1332349,2016-07-28,18277662,"30",300853,"2016",4127214,NA,NA
"435","Green",46817,645016,6582,5959,4711,23.7,6.2,22.1,6.1,13.5,0.49,NA,"2016-06",Jun 2016,1404510,2016-06-28,19350480,"26",327719,"2016",4515112,NA,NA
"436","Green",49573,681032,6672,6008,4730,24.4,6.5,22.6,6.3,13.5,0.5,NA,"2016-05",May 2016,1536763,2016-05-28,21111992,"21",347011,"2016",4767224,NA,NA
"437","Green",51458,692778,6770,6021,4789,23.9,6.6,21.9,6.4,13,0.51,NA,"2016-04",Apr 2016,1543740,2016-04-28,20783340,"17",360206,"2016",4849446,NA,NA
"438","Green",50850,673269,6816,6043,4768,24.5,6.5,22.3,6.3,12.6,0.5,NA,"2016-03",Mar 2016,1576350,2016-03-28,20871339,"13",355950,"2016",4712883,NA,NA
"439","Green",52093,676135,6871,6165,4843,22.8,6.5,21.1,6.3,12.3,0.5,NA,"2016-02",Feb 2016,1510697,2016-02-28,19607915,"08",364651,"2016",4732945,NA,NA
"440","Green",46621,613966,6994,6253,4648,23,6.3,21.2,6.1,12.5,0.49,NA,"2016-01",Jan 2016,1445251,2016-01-28,19032946,"04",326347,"2016",4297762,NA,NA
"441","Green",51880,700319,7120,6342,5030,24.6,6.4,22.5,6.3,12.9,0.48,NA,"2015-12",Dec 2015,1608280,2015-12-28,21709889,"52",363160,"2015",4902233,NA,NA
"442","Green",50999,685908,7132,6342,5036,23.8,6.4,21.8,6.2,12.9,0.49,NA,"2015-11",Nov 2015,1529970,2015-11-28,20577240,"47",356993,"2015",4801356,NA,NA
"443","Green",52598,716779,7157,6396,5083,24.6,6.5,22.7,6.3,13.3,0.48,NA,"2015-10",Oct 2015,1630538,2015-10-28,22220149,"43",368186,"2015",5017453,NA,NA
"444","Green",49830,687469,7181,6403,4932,23.1,6.4,21.2,6.2,13.2,0.47,NA,"2015-09",Sep 2015,1494900,2015-09-28,20624070,"39",348810,"2015",4812283,NA,NA
"445","Green",49429,678711,7215,6404,4911,23.8,6.4,21.8,6.2,12.8,0.46,NA,"2015-08",Aug 2015,1532299,2015-08-28,21040041,"34",346003,"2015",4750977,NA,NA
"446","Green",49730,681299,7321,6473,4981,23.9,6.3,21.7,6.1,13,0.45,NA,"2015-07",Jul 2015,1541630,2015-07-28,21120269,"30",348110,"2015",4769093,NA,NA
"447","Green",54628,801215,7483,6539,5196,23.8,6.5,21.6,6.3,13.3,0.45,NA,"2015-06",Jun 2015,1638840,2015-06-28,24036450,"25",382396,"2015",5608505,NA,NA
"448","Green",57637,862099,7513,6508,5177,24.7,6.8,22.2,6.5,13.6,0.46,NA,"2015-05",May 2015,1786747,2015-05-28,26725069,"21",403459,"2015",6034693,NA,NA
"449","Green",55473,805698,7388,6378,5032,23.7,6.7,21.2,6.4,13,0.46,NA,"2015-04",Apr 2015,1664190,2015-04-28,24170940,"17",388311,"2015",5639886,NA,NA
"450","Green",55567,793672,7254,6221,4835,24.1,6.7,21.5,6.5,13,0.45,NA,"2015-03",Mar 2015,1722577,2015-03-28,24603832,"12",388969,"2015",5555704,NA,NA
"451","Green",56242,798649,6880,5984,4723,22.1,6.9,20,6.6,12.9,0.45,NA,"2015-02",Feb 2015,1574776,2015-02-28,22362172,"08",393694,"2015",5590543,NA,NA
"452","Green",48659,673523,6919,5897,4498,23.6,6.6,21,6.3,12.1,0.45,NA,"2015-01",Jan 2015,1508429,2015-01-28,20879213,"04",340613,"2015",4714661,NA,NA
"453","Green",53078,701885,6933,5812,4651,24.8,6.8,21.7,6.5,12.9,0.44,NA,"2014-12",Dec 2014,1645418,2014-12-28,21758435,"51",371546,"2014",4913195,NA,NA
"454","Green",51600,684927,6622,5558,4499,24.3,6.9,21.3,6.6,13,0.45,NA,"2014-11",Nov 2014,1548000,2014-11-28,20547810,"47",361200,"2014",4794489,NA,NA
"455","Green",48100,649348,6488,5347,4280,24.8,6.8,21.3,6.5,13.1,0.45,NA,"2014-10",Oct 2014,1491100,2014-10-28,20129788,"43",336700,"2014",4545436,NA,NA
"456","Green",45394,623638,6311,5202,4153,23.9,6.7,20.6,6.4,13.2,0.44,NA,"2014-09",Sep 2014,1361820,2014-09-28,18709140,"38",317758,"2014",4365466,NA,NA
"457","Green",43381,595477,6249,5136,3989,24.1,6.7,20.7,6.4,12.8,0.42,NA,"2014-08",Aug 2014,1344811,2014-08-28,18459787,"34",303667,"2014",4168339,NA,NA
"458","Green",41094,560319,6180,5130,3958,23.9,6.4,20.8,6.1,12.7,0.42,NA,"2014-07",Jul 2014,1273914,2014-07-28,17369889,"30",287658,"2014",3922233,NA,NA
"459","Green",44590,616892,6158,5069,4040,23.9,6.7,20.7,6.4,13.2,0.41,NA,"2014-06",Jun 2014,1337700,2014-06-28,18506760,"25",312130,"2014",4318244,NA,NA
"460","Green",45853,636698,6136,4957,3998,25,6.9,21.3,6.5,13.4,0.41,NA,"2014-05",May 2014,1421443,2014-05-28,19737638,"21",320971,"2014",4456886,NA,NA
"461","Green",43625,580228,5894,4811,3799,23.7,6.8,20.4,6.4,12.5,0.39,NA,"2014-04",Apr 2014,1308750,2014-04-28,17406840,"17",305375,"2014",4061596,NA,NA
"462","Green",41718,543542,5620,4566,3547,24.1,6.9,20.7,6.5,12.2,0.37,NA,"2014-03",Mar 2014,1293258,2014-03-28,16849802,"12",292026,"2014",3804794,NA,NA
"463","Green",35895,465192,5085,4207,3065,20.4,6.8,17.8,6.5,12.6,0.35,NA,"2014-02",Feb 2014,1005060,2014-02-28,13025376,"08",251265,"2014",3256344,NA,NA
"464","Green",25923,331334,4564,3818,2409,19.6,6.5,17.2,6.1,11.9,0.35,NA,"2014-01",Jan 2014,803613,2014-01-28,10271354,"04",181461,"2014",2319338,NA,NA
"465","Green",19435,257398,3317,2736,1707,19.3,6.8,16.9,6.4,12.3,0.32,NA,"2013-12",Dec 2013,602485,2013-12-28,7979338,"51",136045,"2013",1801786,NA,NA
"466","Green",12692,168976,2160,1754,1044,17.9,7.1,15.5,6.6,12.3,0.34,NA,"2013-11",Nov 2013,380760,2013-11-28,5069280,"47",88844,"2013",1182832,NA,NA
"467","Green",5477,74128,1261,1128,500,13.7,6.6,12.8,6.3,12.4,0.33,NA,"2013-10",Oct 2013,169787,2013-10-28,2297968,"43",38339,"2013",518896,NA,NA
"468","Green",1632,23087,478,445,159,10.7,6.3,10.2,6.2,12.7,0.34,NA,"2013-09",Sep 2013,48960,2013-09-28,692610,"38",11424,"2013",161609,NA,NA
"469","Green",283,4028,129,114,33,7.3,5.4,6.8,5.1,11.4,0.3,NA,"2013-08",Aug 2013,8773,2013-08-28,124868,"34",1981,"2013",28196,NA,NA
"470","Yellow",102052,1921789,9843,7156,5702,24.7,8.91,20.83,7.68,15.13,0.78,0,"2022-07",Jul 2022,3163612,2022-07-28,59575459,"30",714364,"2022",13452523,102052,0
"471","Yellow",105385,2057705,9980,7226,5490,22.8,9.37,19.51,7.93,16.37,0.79,0,"2022-06",Jun 2022,3161550,2022-06-28,61731150,"26",737695,"2022",14403935,105385,0
"472","Yellow",115449,2234977,9976,7149,5961,25.85,9.32,21.62,7.99,16.37,0.79,0,"2022-05",May 2022,3578919,2022-05-28,69284287,"21",808143,"2022",15644839,115449,0
"473","Yellow",119629,2219127,9560,7053,5975,25.4,9.4,21.9,8,15.4,0.79,0,"2022-04",Apr 2022,3588870,2022-04-28,66573810,"17",837403,"2022",15533889,119629,0
"474","Yellow",116629,2097334,9535,6984,5907,26.2,9.4,22.3,8.1,14.8,0.8,0,"2022-03",Mar 2022,3615499,2022-03-28,65017354,"13",816403,"2022",14681338,116629,0
"475","Yellow",106036,1805865,8989,6734,5591,23.2,9.1,20.1,7.9,14,0.8,0,"2022-02",Feb 2022,2969008,2022-02-28,50564220,"09",742252,"2022",12641055,106036,0
"476","Yellow",79213,1330596,8803,6653,4989,23.3,8.2,20,7.2,12.7,0.79,0,"2022-01",Jan 2022,2455603,2022-01-28,41248476,"04",554491,"2022",9314172,79213,0
"477","Yellow",103585,1903870,9552,6908,5657,25.4,9,21.5,7.7,15.2,0.77,0,"2021-12",Dec 2021,3211135,2021-12-28,59019970,"52",725095,"2021",13327090,103585,0
"478","Yellow",115660,2103014,9516,6810,5763,25.4,9.5,21.3,8.2,15.4,0.79,0,"2021-11",Nov 2021,3469800,2021-11-28,63090420,"47",809620,"2021",14721098,115660,0
"479","Yellow",111638,1993228,9154,6600,5555,26.1,9.5,21.7,8.2,15.1,0.79,NA,"2021-10",Oct 2021,3460778,2021-10-28,61790068,"43",781466,"2021",13952596,NA,NA
"480","Yellow",98724,1826391,8502,6218,5069,24.5,9,19.9,8.1,15.2,0.78,NA,"2021-09",Sep 2021,2961720,2021-09-28,54791730,"39",691068,"2021",12784737,NA,NA
"481","Yellow",89901,1611851,7471,5888,4700,24.7,8.8,21.1,8.2,13.9,0.77,NA,"2021-08",Aug 2021,2786931,2021-08-28,49967381,"34",629307,"2021",11282957,NA,NA
"482","Yellow",91011,1605062,7350,5782,4631,24.8,8.9,21.1,8.3,13.9,0.77,NA,"2021-07",Jul 2021,2821341,2021-07-28,49756922,"30",637077,"2021",11235434,NA,NA
"483","Yellow",94130,1607814,7084,5636,4570,24.3,9.1,20.8,8.4,14.1,0.78,NA,"2021-06",Jun 2021,2823900,2021-06-28,48234420,"26",658910,"2021",11254698,NA,NA
"484","Yellow",80499,1340447,6579,5228,4105,24.3,8.7,20.6,8.2,13.4,0.78,NA,"2021-05",May 2021,2495469,2021-05-28,41553857,"21",563493,"2021",9383129,NA,NA
"485","Yellow",71982,1182789,6103,4924,3889,23.7,8.6,20.2,8.1,13,0.77,NA,"2021-04",Apr 2021,2159460,2021-04-28,35483670,"17",503874,"2021",8279523,NA,NA
"486","Yellow",61643,979149,5764,4718,3652,24,8.3,20.6,7.9,12.3,0.76,NA,"2021-03",Mar 2021,1910933,2021-03-28,30353619,"12",431501,"2021",6854043,NA,NA
"487","Yellow",48499,755115,5277,4496,3182,19.8,7.9,17.6,7.6,12.4,0.76,NA,"2021-02",Feb 2021,1357972,2021-02-28,21143220,"08",339493,"2021",5285805,NA,NA
"488","Yellow",44052,688811,5396,4625,3256,21.8,7.5,19.4,7.3,11.6,0.75,NA,"2021-01",Jan 2021,1365612,2021-01-28,21353141,"04",308364,"2021",4821677,NA,NA
"489","Yellow",47145,744835,6092,5142,3757,22.7,7.4,19.8,7.1,12.4,0.75,NA,"2020-12",Dec 2020,1461495,2020-12-28,23089885,"52",330015,"2020",5213845,NA,NA
"490","Yellow",50285,786213,6314,5208,3868,22.3,7.5,19.2,7.2,12.4,0.76,NA,"2020-11",Nov 2020,1508550,2020-11-28,23586390,"47",351995,"2020",5503491,NA,NA
"491","Yellow",54221,880080,6144,5092,3728,22.7,8,19.7,7.6,12.6,0.76,NA,"2020-10",Oct 2020,1680851,2020-10-28,27282480,"43",379547,"2020",6160560,NA,NA
"492","Yellow",44646,707226,5706,4910,3257,19.9,7.6,17.8,7.3,12.5,0.73,NA,"2020-09",Sep 2020,1339380,2020-09-28,21216780,"39",312522,"2020",4950582,NA,NA
"493","Yellow",32491,548752,5371,4754,2790,18.2,6.9,16.7,6.6,12.6,0.7,NA,"2020-08",Aug 2020,1007221,2020-08-28,17011312,"34",227437,"2020",3841264,NA,NA
"494","Yellow",25816,438974,3988,3803,1952,15.9,7.1,15.7,6.8,12.5,0.69,NA,"2020-07",Jul 2020,800296,2020-07-28,13608194,"30",180712,"2020",3072818,NA,NA
"495","Yellow",18325,314459,2969,2965,1554,15.7,6.7,16.2,6.5,12.4,0.68,NA,"2020-06",Jun 2020,549750,2020-06-28,9433770,"25",128275,"2020",2201213,NA,NA
"496","Yellow",11237,206533,2603,2609,1298,15.4,5.7,15.9,5.6,11.9,0.67,NA,"2020-05",May 2020,348347,2020-05-28,6402523,"21",78659,"2020",1445731,NA,NA
"497","Yellow",7928,119078,2208,2191,982,13.5,5.3,13.8,5.1,9.9,0.63,NA,"2020-04",Apr 2020,237840,2020-04-28,3572340,"17",55496,"2020",833546,NA,NA
"498","Yellow",96993,1620345,19062,11313,6161,16.9,8.8,13.2,6.7,13,0.75,NA,"2020-03",Mar 2020,3006783,2020-03-28,50230695,"12",678951,"2020",11342415,NA,NA
"499","Yellow",217216,3556087,20123,11418,10349,26.3,10.8,20.9,7.7,13.5,0.75,NA,"2020-02",Feb 2020,6299264,2020-02-28,103126523,"08",1520512,"2020",24892609,NA,NA
"500","Yellow",206604,3403736,20131,11435,10080,27.3,10.5,21.7,7.5,13.1,0.73,NA,"2020-01",Jan 2020,6404724,2020-01-28,105515816,"04",1446228,"2020",23826152,NA,NA
"501","Yellow",220786,3806944,20829,11478,10260,27.7,10.7,21.7,7.5,15,0.71,NA,"2019-12",Dec 2019,6844366,2019-12-28,118015264,"51",1545502,"2019",26648608,NA,NA
"502","Yellow",227654,3872769,20934,11431,10441,27.4,11,21.7,7.6,14.8,0.73,NA,"2019-11",Nov 2019,6829620,2019-11-28,116183070,"47",1593578,"2019",27109383,NA,NA
"503","Yellow",231171,4006128,20880,11380,10476,28.5,11.2,22.5,7.7,15.1,0.73,NA,"2019-10",Oct 2019,7166301,2019-10-28,124189968,"43",1618197,"2019",28042896,NA,NA
"504","Yellow",217747,3814692,20369,11302,10066,26.7,10.9,21,7.7,16,0.72,NA,"2019-09",Sep 2019,6532410,2019-09-28,114440760,"38",1524229,"2019",26702844,NA,NA
"505","Yellow",194798,3385162,19583,11237,9741,26.9,10.4,21.4,7.5,14.3,0.7,NA,"2019-08",Aug 2019,6038738,2019-08-28,104940022,"34",1363586,"2019",23696134,NA,NA
"506","Yellow",202443,3501565,20206,11366,9894,27,10.5,21.4,7.5,14.5,0.7,NA,"2019-07",Jul 2019,6275733,2019-07-28,108548515,"29",1417101,"2019",24510955,NA,NA
"507","Yellow",231335,4042788,20728,11533,10274,26.7,11,21.3,7.7,15.1,0.72,NA,"2019-06",Jun 2019,6940050,2019-06-28,121283640,"25",1619345,"2019",28299516,NA,NA
"508","Yellow",244017,4214808,21042,11689,10494,27.8,11.2,22.3,7.7,14.9,0.72,NA,"2019-05",May 2019,7564527,2019-05-28,130659048,"21",1708119,"2019",29503656,NA,NA
"509","Yellow",247742,4215927,21595,11786,10674,27.2,11.3,21.4,7.8,14.3,0.72,NA,"2019-04",Apr 2019,7432260,2019-04-28,126477810,"16",1734194,"2019",29511489,NA,NA
"510","Yellow",252634,4289036,21956,11912,10814,28.1,11.4,22.3,7.9,14.1,0.73,NA,"2019-03",Mar 2019,7831654,2019-03-28,132960116,"12",1768438,"2019",30023252,NA,NA
"511","Yellow",250654,4105322,21733,11895,10770,25.4,11.3,20.1,7.8,13.6,0.74,NA,"2019-02",Feb 2019,7018312,2019-02-28,114949016,"08",1754578,"2019",28737254,NA,NA
"512","Yellow",247315,3413625,22085,11867,10582,27.6,11.1,21.5,7.7,12.8,0.72,NA,"2019-01",Jan 2019,7666765,2019-01-28,105822375,"04",1731205,"2019",23895375,NA,NA
"513","Yellow",263609,3852809,23042,11938,10803,28.1,11.5,21.7,7.7,14.7,0.68,NA,"2018-12",Dec 2018,8171879,2018-12-28,119437079,"52",1845263,"2018",26969663,NA,NA
"514","Yellow",271501,4035397,23459,11948,11040,27.7,11.8,21.4,7.8,15.2,0.7,NA,"2018-11",Nov 2018,8145030,2018-11-28,121061910,"48",1900507,"2018",28247779,NA,NA
"515","Yellow",284121,4267309,23600,12009,11151,28.8,12,22.2,7.9,15.2,0.71,NA,"2018-10",Oct 2018,8807751,2018-10-28,132286579,"43",1988847,"2018",29871163,NA,NA
"516","Yellow",267983,3995849,23055,12007,10741,26.8,11.7,20.6,7.9,15,0.7,NA,"2018-09",Sep 2018,8039490,2018-09-28,119875470,"39",1875881,"2018",27970943,NA,NA
"517","Yellow",253182,3742832,22319,11961,10655,27.6,11.3,21.4,7.8,14.1,0.7,NA,"2018-08",Aug 2018,7848642,2018-08-28,116027792,"35",1772274,"2018",26199824,NA,NA
"518","Yellow",253186,3735128,23142,12092,10788,27.7,11.3,21.3,7.7,14.1,0.68,NA,"2018-07",Jul 2018,7848766,2018-07-28,115788968,"30",1772302,"2018",26145896,NA,NA
"519","Yellow",290362,4283693,23737,12222,11223,27.5,11.9,21.4,7.9,14.7,0.7,NA,"2018-06",Jun 2018,8710860,2018-06-28,128510790,"26",2032534,"2018",29985851,NA,NA
"520","Yellow",297508,4431220,24330,12317,11396,28.7,12.1,22.3,7.9,14.9,0.69,NA,"2018-05",May 2018,9222748,2018-05-28,137367820,"22",2082556,"2018",31018540,NA,NA
"521","Yellow",310169,4486177,24807,12372,11534,28,12.4,21.5,8.1,14.2,0.7,NA,"2018-04",Apr 2018,9305070,2018-04-28,134585310,"17",2171183,"2018",31403239,NA,NA
"522","Yellow",304169,4293867,24991,12389,11480,28.7,12.2,21.9,7.9,13.7,0.7,NA,"2018-03",Mar 2018,9429239,2018-03-28,133109877,"13",2129183,"2018",30057069,NA,NA
"523","Yellow",303280,4138935,24641,12490,11535,25.9,12.1,19.9,8,13.1,0.71,NA,"2018-02",Feb 2018,8491840,2018-02-28,115890180,"09",2122960,"2018",28972545,NA,NA
"524","Yellow",282565,3863024,24923,12599,11304,27.8,11.6,21.1,7.7,13.1,0.7,NA,"2018-01",Jan 2018,8759515,2018-01-28,119753744,"04",1977955,"2018",27041168,NA,NA
"525","Yellow",306706,4407843,26038,12685,11743,28.7,12.2,21.8,7.8,14.5,0.66,NA,"2017-12",Dec 2017,9507886,2017-12-28,136643133,"52",2146942,"2017",30854901,NA,NA
"526","Yellow",309471,4517934,26347,12692,11921,28.2,12.4,21.5,7.8,14.8,0.68,NA,"2017-11",Nov 2017,9284130,2017-11-28,135538020,"48",2166297,"2017",31625538,NA,NA
"527","Yellow",315084,4681421,26536,12703,11931,29.1,12.5,22.1,7.9,14.8,0.68,NA,"2017-10",Oct 2017,9767604,2017-10-28,145124051,"43",2205588,"2017",32769947,NA,NA
"528","Yellow",298163,4422289,25604,12656,11499,27.3,12.1,20.6,7.9,14.8,0.67,NA,"2017-09",Sep 2017,8944890,2017-09-28,132668670,"39",2087141,"2017",30956023,NA,NA
"529","Yellow",271676,3985437,25164,12690,11550,28.2,11.7,21.6,7.7,14,0.66,NA,"2017-08",Aug 2017,8421956,2017-08-28,123548547,"35",1901732,"2017",27898059,NA,NA
"530","Yellow",277042,4037177,26108,12792,11583,28.1,11.8,21.1,7.7,14.1,0.66,NA,"2017-07",Jul 2017,8588302,2017-07-28,125152487,"30",1939294,"2017",28260239,NA,NA
"531","Yellow",321877,4751867,26664,12894,12038,28,12.4,21.5,7.8,14.8,0.67,NA,"2017-06",Jun 2017,9656310,2017-06-28,142556010,"26",2253139,"2017",33263069,NA,NA
"532","Yellow",325857,4848494,27655,12977,12159,29,12.6,21.9,7.8,15,0.67,NA,"2017-05",May 2017,10101567,2017-05-28,150303314,"21",2280999,"2017",33939458,NA,NA
"533","Yellow",334865,4865420,27802,12981,12229,28.3,12.8,21.4,7.9,14.3,0.67,NA,"2017-04",Apr 2017,10045950,2017-04-28,145962600,"17",2344055,"2017",34057940,NA,NA
"534","Yellow",332075,4770322,27900,12990,12146,29,12.8,21.8,7.9,14,0.68,NA,"2017-03",Mar 2017,10294325,2017-03-28,147879982,"13",2324525,"2017",33392254,NA,NA
"535","Yellow",327451,4531822,27523,12967,12112,26.2,12.6,19.6,7.9,13.3,0.68,NA,"2017-02",Feb 2017,9168628,2017-02-28,126891016,"09",2292157,"2017",31722754,NA,NA
"536","Yellow",313229,4314880,27782,13058,11990,28.5,12.2,21,7.8,13,0.67,NA,"2017-01",Jan 2017,9710099,2017-01-28,133761280,"04",2192603,"2017",30204160,NA,NA
"537","Yellow",337071,4869413,28743,13197,12329,29,12.8,21.7,7.8,14.6,0.64,NA,"2016-12",Dec 2016,10449201,2016-12-28,150951803,"52",2359497,"2016",34085891,NA,NA
"538","Yellow",336737,4980423,29080,13159,12437,28.4,12.9,21.3,7.8,15.9,0.66,NA,"2016-11",Nov 2016,10102110,2016-11-28,149412690,"48",2357159,"2016",34862961,NA,NA
"539","Yellow",350380,5196275,29383,13198,12433,29.2,13.1,21.8,7.9,16,0.66,NA,"2016-10",Oct 2016,10861780,2016-10-28,161084525,"43",2452660,"2016",36373925,NA,NA
"540","Yellow",337321,5167170,28526,13166,12137,27.7,12.8,20.6,7.9,16,0.66,NA,"2016-09",Sep 2016,10119630,2016-09-28,155015100,"39",2361247,"2016",36170190,NA,NA
"541","Yellow",320718,4722586,28340,13203,12266,28.8,12.5,21.7,7.8,15.5,0.64,NA,"2016-08",Aug 2016,9942258,2016-08-28,146400166,"34",2245026,"2016",33058102,NA,NA
"542","Yellow",332231,4924633,29062,13293,12266,28.6,12.6,21.3,7.8,15.7,0.64,NA,"2016-07",Jul 2016,10299161,2016-07-28,152663623,"30",2325617,"2016",34472431,NA,NA
"543","Yellow",371257,5564246,29899,13354,12781,28.7,13.3,21.8,7.8,16.7,0.66,NA,"2016-06",Jun 2016,11137710,2016-06-28,166927380,"26",2598799,"2016",38949722,NA,NA
"544","Yellow",381878,5654653,30509,13381,12777,29.6,13.5,22.1,8,15.8,0.66,NA,"2016-05",May 2016,11838218,2016-05-28,175294243,"21",2673146,"2016",39582571,NA,NA
"545","Yellow",397780,5721501,30488,13370,12875,28.9,13.8,21.7,8.1,17.4,0.67,NA,"2016-04",Apr 2016,11933400,2016-04-28,171645030,"17",2784460,"2016",40050507,NA,NA
"546","Yellow",393886,5614089,30327,13379,12828,29.7,13.6,22.2,8,15,0.67,NA,"2016-03",Mar 2016,12210466,2016-03-28,174036759,"13",2757202,"2016",39298623,NA,NA
"547","Yellow",392470,5427875,29564,13339,12718,27.7,13.4,20.8,8,14.6,0.67,NA,"2016-02",Feb 2016,11381630,2016-02-28,157408375,"08",2747290,"2016",37995125,NA,NA
"548","Yellow",351816,4886897,29276,13347,12244,28.4,12.7,21,7.9,15.4,0.66,NA,"2016-01",Jan 2016,10906296,2016-01-28,151493807,"04",2462712,"2016",34208279,NA,NA
"549","Yellow",369686,5425880,29917,13429,12641,29.2,13.2,22,7.9,18.4,0.63,NA,"2015-12",Dec 2015,11460266,2015-12-28,168202280,"52",2587802,"2015",37981160,NA,NA
"550","Yellow",377076,5502861,30270,13428,12732,28.4,13.3,21.3,7.9,20.4,0.64,NA,"2015-11",Nov 2015,11312280,2015-11-28,165085830,"47",2639532,"2015",38520027,NA,NA
"551","Yellow",397244,5856687,30104,13436,12787,29.5,13.7,22.4,8.1,17.3,0.64,NA,"2015-10",Oct 2015,12314564,2015-10-28,181557297,"43",2780708,"2015",40996809,NA,NA
"552","Yellow",374156,5520038,29912,13423,12523,28,13.2,20.8,8,16.5,0.62,NA,"2015-09",Sep 2015,11224680,2015-09-28,165601140,"39",2619092,"2015",38640266,NA,NA
"553","Yellow",359029,5200177,29688,13442,12579,29,13.1,21.7,7.9,16.1,0.61,NA,"2015-08",Aug 2015,11129899,2015-08-28,161205487,"34",2513203,"2015",36401239,NA,NA
"554","Yellow",372979,5392570,29999,13490,12599,29,13.1,21.8,7.9,15.7,0.62,NA,"2015-07",Jul 2015,11562349,2015-07-28,167169670,"30",2610853,"2015",37747990,NA,NA
"555","Yellow",410831,6014938,30829,13549,12990,28.8,13.8,21.9,8,16.9,0.63,NA,"2015-06",Jun 2015,12324930,2015-06-28,180448140,"25",2875817,"2015",42104566,NA,NA
"556","Yellow",424459,6239552,31442,13580,13006,29.7,14.1,22.4,8.1,16.4,0.62,NA,"2015-05",May 2015,13158229,2015-05-28,193426112,"21",2971213,"2015",43676864,NA,NA
"557","Yellow",435701,6226205,31574,13577,13098,28.9,14.2,21.9,8.1,16.9,0.63,NA,"2015-04",Apr 2015,13071030,2015-04-28,186786150,"17",3049907,"2015",43583435,NA,NA
"558","Yellow",430669,6076181,31610,13584,13030,29.7,14,22.3,8,16.8,0.63,NA,"2015-03",Mar 2015,13350739,2015-03-28,188361611,"12",3014683,"2015",42533267,NA,NA
"559","Yellow",444633,6097785,30969,13617,12979,26.7,14.1,20.3,8.1,15.8,0.64,NA,"2015-02",Feb 2015,12449724,2015-02-28,170737980,"08",3112431,"2015",42684495,NA,NA
"560","Yellow",411238,5442278,31236,13633,12721,28.9,13.4,21.5,7.9,15,0.62,NA,"2015-01",Jan 2015,12748378,2015-01-28,168710618,"04",2878666,"2015",38095946,NA,NA
"561","Yellow",419776,5868025,32048,13642,13041,29.6,13.9,22.3,7.9,14,0.58,NA,"2014-12",Dec 2014,13013056,2014-12-28,181908775,"51",2938432,"2014",41076175,NA,NA
"562","Yellow",440576,6113253,32260,13642,13095,28.8,14.3,21.8,8,13.8,0.59,NA,"2014-11",Nov 2014,13217280,2014-11-28,183397590,"47",3084032,"2014",42792771,NA,NA
"563","Yellow",459087,6432093,32091,13665,13162,29.9,14.5,22.7,8.1,13.8,0.59,NA,"2014-10",Oct 2014,14231697,2014-10-28,199394883,"43",3213609,"2014",45024651,NA,NA
"564","Yellow",445782,6284615,32191,13647,13087,28.8,14.3,21.7,8.1,13.9,0.59,NA,"2014-09",Sep 2014,13373460,2014-09-28,188538450,"38",3120474,"2014",43992305,NA,NA
"565","Yellow",409305,5709153,31429,13622,12919,29.4,13.8,22.2,7.9,13.1,0.57,NA,"2014-08",Aug 2014,12688455,2014-08-28,176983743,"34",2865135,"2014",39964071,NA,NA
"566","Yellow",422771,5832040,31515,13633,12943,29.4,13.8,22.5,7.8,13,0.57,NA,"2014-07",Jul 2014,13105901,2014-07-28,180793240,"30",2959397,"2014",40824280,NA,NA
"567","Yellow",460393,6490355,32747,13651,13154,28.9,14.6,22,8,13.6,0.58,NA,"2014-06",Jun 2014,13811790,2014-06-28,194710650,"25",3222751,"2014",45432485,NA,NA
"568","Yellow",476569,6718530,33060,13581,13098,29.9,14.9,22.7,8.1,13.6,0.57,NA,"2014-05",May 2014,14773639,2014-05-28,208274430,"21",3335983,"2014",47029710,NA,NA
"569","Yellow",487275,6613192,33086,13524,13074,29,15,22,8.1,12.9,0.57,NA,"2014-04",Apr 2014,14618250,2014-04-28,198395760,"17",3410925,"2014",46292344,NA,NA
"570","Yellow",497661,6612023,33229,13442,13020,30,15.1,22.6,8.1,12.4,0.58,NA,"2014-03",Mar 2014,15427491,2014-03-28,204972713,"12",3483627,"2014",46284161,NA,NA
"571","Yellow",466522,6122310,32634,13376,12852,26.9,14.6,20.2,8,12.6,0.59,NA,"2014-02",Feb 2014,13062616,2014-02-28,171424680,"08",3265654,"2014",42856170,NA,NA
"572","Yellow",444537,5790713,32775,13366,12778,29.6,14.1,21.9,7.8,12.2,0.57,NA,"2014-01",Jan 2014,13780647,2014-01-28,179512103,"04",3111759,"2014",40534991,NA,NA
"573","Yellow",450634,6176199,33335,13356,12858,29.8,14.5,22.2,7.8,13.1,0.53,NA,"2013-12",Dec 2013,13969654,2013-12-28,191462169,"51",3154438,"2013",43233393,NA,NA
"574","Yellow",479527,6470910,33191,13336,12926,29.1,15,21.9,8,12.9,0.55,NA,"2013-11",Nov 2013,14385810,2013-11-28,194127300,"47",3356689,"2013",45296370,NA,NA
"575","Yellow",483921,6648711,33417,13334,12962,30.1,15,22.5,8.1,13.1,0.56,NA,"2013-10",Oct 2013,15001551,2013-10-28,206110041,"43",3387447,"2013",46540977,NA,NA
"576","Yellow",470147,6493533,33292,13340,12881,29,14.9,21.5,8,13.1,0.55,NA,"2013-09",Sep 2013,14104410,2013-09-28,194805990,"38",3291029,"2013",45454731,NA,NA
"577","Yellow",406246,5553989,32388,13318,11959,27.8,14.2,20.7,7.9,NA,0.54,NA,"2013-08",Aug 2013,12593626,2013-08-28,172173659,"34",2843722,"2013",38877923,NA,NA
"578","Yellow",445861,5983709,32748,13327,12830,29.8,14.3,22.2,7.8,12.5,0.53,NA,"2013-07",Jul 2013,13821691,2013-07-28,185494979,"29",3121027,"2013",41885963,NA,NA
"579","Yellow",479148,6555608,33452,13341,12922,29.1,15,21.7,8,13,0.54,NA,"2013-06",Jun 2013,14374440,2013-06-28,196668240,"25",3354036,"2013",45889256,NA,NA
"580","Yellow",492962,6744373,33267,13334,12929,30.1,15.1,22.5,8.1,13,0.53,NA,"2013-05",May 2013,15281822,2013-05-28,209075563,"21",3450734,"2013",47210611,NA,NA
"581","Yellow",503249,6714891,33084,13343,12949,29.1,15.1,21.9,8.1,12.4,0.54,NA,"2013-04",Apr 2013,15097470,2013-04-28,201446730,"16",3522743,"2013",47004237,NA,NA
"582","Yellow",507914,6646912,32965,13334,12927,30.1,15,22.5,8.1,12,0.53,NA,"2013-03",Mar 2013,15745334,2013-03-28,206054272,"12",3555398,"2013",46528384,NA,NA
"583","Yellow",499556,6356651,32052,13338,12867,27,14.6,20.4,8.1,11.7,0.54,NA,"2013-02",Feb 2013,13987568,2013-02-28,177986228,"08",3496892,"2013",44496557,NA,NA
"584","Yellow",476544,6045087,32213,13344,12863,29.9,14.4,22.3,8,11.4,0.52,NA,"2013-01",Jan 2013,14772864,2013-01-28,187397697,"04",3335808,"2013",42315609,NA,NA
"585","Yellow",474005,6326604,32257,13346,12806,29.7,14.6,22.4,8,12.5,0.49,NA,"2012-12",Dec 2012,14694155,2012-12-28,196124724,"52",3318035,"2012",44286228,NA,NA
"586","Yellow",459114,6094937,31701,13324,12551,28.3,14.2,21.3,7.9,12.5,0.5,NA,"2012-11",Nov 2012,13773420,2012-11-28,182848110,"48",3213798,"2012",42664559,NA,NA
"587","Yellow",468377,6346508,32104,13328,12555,29.2,14.6,22,8.1,12.8,0.5,NA,"2012-10",Oct 2012,14519687,2012-10-28,196741748,"43",3278639,"2012",44425556,NA,NA
"588","Yellow",484783,6512203,31698,13322,12826,28.9,14.9,22,8.2,12.8,0.5,NA,"2012-09",Sep 2012,14543490,2012-09-28,195366090,"39",3393481,"2012",45585421,NA,NA
"589","Yellow",463841,5357572,30777,13318,12785,29.8,14.4,22.8,8.1,12.3,0.48,NA,"2012-08",Aug 2012,14379071,2012-08-28,166084732,"35",3246887,"2012",37503004,NA,NA
"590","Yellow",463784,5292247,31174,13320,12773,29.7,14.4,22.7,8.1,12.2,0.48,NA,"2012-07",Jul 2012,14377304,2012-07-28,164059657,"30",3246488,"2012",37045729,NA,NA
"591","Yellow",503139,5831841,31561,13332,12940,29.1,15.1,22.6,8.3,12.8,0.48,NA,"2012-06",Jun 2012,15094170,2012-06-28,174955230,"26",3521973,"2012",40822887,NA,NA
"592","Yellow",502097,5838542,31723,13325,12887,30,15.1,23,8.3,12.9,0.47,NA,"2012-05",May 2012,15565007,2012-05-28,180994802,"22",3514679,"2012",40869794,NA,NA
"593","Yellow",515848,5861876,31579,13319,12864,29,15.1,22.2,8.3,12.2,0.47,NA,"2012-04",Apr 2012,15475440,2012-04-28,175856280,"17",3610936,"2012",41033132,NA,NA
"594","Yellow",520764,5860835,31401,13320,12927,30.1,15.1,23.2,8.3,12,0.48,NA,"2012-03",Mar 2012,16143684,2012-03-28,181685885,"13",3645348,"2012",41025845,NA,NA
"595","Yellow",516585,5655691,30803,13317,12896,28.1,14.9,21.8,8.3,11.6,0.48,NA,"2012-02",Feb 2012,14980965,2012-02-28,164015039,"09",3616095,"2012",39589837,NA,NA
"596","Yellow",482811,5220456,30944,13317,12588,29.3,14.5,22.3,8.2,11.3,0.47,NA,"2012-01",Jan 2012,14967141,2012-01-28,161834136,"04",3379677,"2012",36543192,NA,NA
"597","Yellow",481410,5493999,31196,13323,12830,29.9,14.7,22.9,8.2,12.7,0.43,NA,"2011-12",Dec 2011,14923710,2011-12-28,170313969,"52",3369870,"2011",38457993,NA,NA
"598","Yellow",484122,5572296,31022,13319,12858,29,14.7,22.3,8.2,12.9,0.44,NA,"2011-11",Nov 2011,14523660,2011-11-28,167168880,"48",3388854,"2011",39006072,NA,NA
"599","Yellow",506532,5790312,31341,13322,12857,29.9,15,23,8.3,12.7,0.45,NA,"2011-10",Oct 2011,15702492,2011-10-28,179499672,"43",3545724,"2011",40532184,NA,NA
"600","Yellow",487470,5687581,30917,13313,12797,28.8,14.9,22.2,8.3,13.1,0.44,NA,"2011-09",Sep 2011,14624100,2011-09-28,170627430,"39",3412290,"2011",39813067,NA,NA
"601","Yellow",427740,4851734,30144,13295,12216,28.5,13.9,21.9,8,12.1,0.44,NA,"2011-08",Aug 2011,13259940,2011-08-28,150403754,"34",2994180,"2011",33962138,NA,NA
"602","Yellow",475475,5350809,30683,13270,12612,29.5,14.6,22.6,8.3,12.1,0.43,NA,"2011-07",Jul 2011,14739725,2011-07-28,165875079,"30",3328325,"2011",37455663,NA,NA
"603","Yellow",503152,5743238,31094,13285,12760,28.8,15.1,22.4,8.3,12.6,0.43,NA,"2011-06",Jun 2011,15094560,2011-06-28,172297140,"26",3522064,"2011",40202666,NA,NA
"604","Yellow",501708,5730613,31259,13291,12745,29.7,14.9,22.8,8.3,12.5,0.42,NA,"2011-05",May 2011,15552948,2011-05-28,177649003,"21",3511956,"2011",40114291,NA,NA
"605","Yellow",490577,5456034,31022,13302,12178,27.5,15.1,21.3,8.4,12.1,0.42,NA,"2011-04",Apr 2011,14717310,2011-04-28,163681020,"17",3434039,"2011",38192238,NA,NA
"606","Yellow",518212,5717207,30960,13288,12852,30,15,23.1,8.4,11.9,0.43,NA,"2011-03",Mar 2011,16064572,2011-03-28,177233417,"13",3627484,"2011",40020449,NA,NA
"607","Yellow",507167,5474959,30359,13253,12678,26.8,14.9,20.8,8.4,11.8,0.43,NA,"2011-02",Feb 2011,14200676,2011-02-28,153298852,"09",3550169,"2011",38324713,NA,NA
"608","Yellow",434297,4661317,29682,12798,11624,28.2,14.4,21.4,8.2,11.7,0.41,NA,"2011-01",Jan 2011,13463207,2011-01-28,144500827,"04",3040079,"2011",32629219,NA,NA
"609","Yellow",445727,4985892,29414,12491,11612,28.8,14.7,21.9,8.2,12.6,0.38,NA,"2010-12",Dec 2010,13817537,2010-12-28,154562652,"52",3120089,"2010",34901244,NA,NA
"610","Yellow",463701,5165797,29348,12347,11876,28.9,14.8,21.9,8.2,12.2,0.39,NA,"2010-11",Nov 2010,13911030,2010-11-28,154973910,"47",3245907,"2010",36160579,NA,NA
"611","Yellow",457996,5122617,29128,12268,11271,28.5,15.3,21.9,8.4,12.3,0.39,NA,"2010-10",Oct 2010,14197876,2010-10-28,158801127,"43",3205972,"2010",35858319,NA,NA
"612","Yellow",517972,5827246,28989,12221,11765,28.9,14.7,21.7,8.3,12.3,0.38,NA,"2010-09",Sep 2010,15539160,2010-09-28,174817380,"39",3625804,"2010",40790722,NA,NA
"613","Yellow",404115,4490108,28574,12206,11224,28.5,14.4,21.5,8.1,11.8,0.37,NA,"2010-08",Aug 2010,12527565,2010-08-28,139193348,"34",2828805,"2010",31430756,NA,NA
"614","Yellow",472752,5216891,30562,13307,12457,29,14.5,22.3,8.2,NA,0.37,NA,"2010-07",Jul 2010,14655312,2010-07-28,161723621,"30",3309264,"2010",36518237,NA,NA
"615","Yellow",494137,5503949,30812,13305,12671,28.6,14.9,22.2,8.3,NA,0.36,NA,"2010-06",Jun 2010,14824110,2010-06-28,165118470,"26",3458959,"2010",38527643,NA,NA
"616","Yellow",499374,5561218,30950,13309,12729,29.6,14.8,22.7,8.3,NA,0.35,NA,"2010-05",May 2010,15480594,2010-05-28,172397758,"21",3495618,"2010",38928526,NA,NA
"617","Yellow",504798,5502545,30827,13326,12856,28.9,14.8,22.3,8.3,NA,0.35,NA,"2010-04",Apr 2010,15143940,2010-04-28,165076350,"17",3533586,"2010",38517815,NA,NA
"618","Yellow",415567,3011750,28709,12183,10382,26.4,15.1,20.4,8.3,11.5,0.35,NA,"2010-03",Mar 2010,12882577,2010-03-28,93364250,"12",2908969,"2010",21082250,NA,NA
"619","Yellow",397969,3392416,28255,12171,10045,23.1,14.6,17.6,8.3,11.1,0.35,NA,"2010-02",Feb 2010,11143132,2010-02-28,94987648,"08",2785783,"2010",23746912,NA,NA
"620","Yellow",479376,4968817,30659,13305,12727,29.7,14.3,22.5,8.2,NA,0.32,NA,"2010-01",Jan 2010,14860656,2010-01-28,154033327,"04",3355632,"2010",34781719,NA,NA
